fecha,titulo,autor,co_autores,ano_pub,DOI,revista,edad_45,factores_ee,reporte_rr,reporte_or,envejecimiento_es,cohorte,estudio_ee,accion,comentario
,150 minutes of vigorous physical activity per week predicts survival and successful ageing: a population-based 11-year longitudinal study of 12 201 older Australian men.,Almeida,"Almeida, Osvaldo P; Khan, Karim M; Hankey, Graeme J; Yeap, Bu B; Golledge, Jonathan; Flicker, Leon",2014,10.1136/bjsports-2013-092814,British Journal of Sports Medicine,,,,,,,,,
,"A Healthy Dietary Pattern at Midlife, Combined with a Regulated Energy Intake, Is Related to Increased Odds for Healthy Aging.",Assmann,"Assmann, Karen E.; Lassale, Camille; Andreeva, Valentina A.; Jeandel, Claude; Hercberg, Serge; Galan, Pilar; Kesse-Guyot, Emmanuelle",2015,10.3945/jn.115.210740,The Journal of nutrition,,,,,,,,,
,A Longitudinal Examination of the Effects of Early Influences and Midlife Characteristics on Successful Aging.,Pruchno,"Pruchno, Rachel A.; Wilson-Genderson, Maureen",2015,10.1093/geronb/gbu046,"The journals of gerontology. Series B, Psychological sciences and social sciences",,,,,,,,,
,A model of successful ageing in British populations.,Doyle,"Doyle, Yvonne G.; Mc Kee, Martin; Sherriff, Martyn",2012,10.1093/eurpub/ckq132,European Journal of Public Health,,,,,,,,,
,A salutogenic inquiry into positive aging - a longitudinal analysis.,Wiesmann,"Wiesmann, Ulrich; Hannich, Hans-Joachim",2019,10.1080/13607863.2018.1501667,Aging & mental health,,,,,,,,,
,Abstract 12233:  Low Cardiovascular Risk in Midlife Predicts Active and Healthy Aging,Strandberg,"Strandberg, Timo; Rantanen, Kirsi",2015,NA,Circulation,,,,,,,,,
,Adherence to Dietary Guidelines and Successful Aging Over 10 Years.,Gopinath,"Gopinath, Bamini; Russell, Joanna; Kifley, Annette; Flood, Victoria M.; Mitchell, Paul",2016,10.1093/gerona/glv189,"The journals of gerontology. Series A, Biological sciences and medical sciences",,,,,,,,,
,"Adult height, dietary patterns, and healthy aging.",Ma,"Ma, Wenjie; Hagan, Kaitlin A.; Heianza, Yoriko; Sun, Qi; Rimm, Eric B.; Qi, Lu",2017,10.3945/ajcn.116.147256,The American journal of clinical nutrition,,,,,,,,,
,Age-Related Alterations in Endocrine Markers Do Not Match Changes in Psychosocial Measures: Findings From the Men's Health 40+ Longitudinal Study.,Lacker,"Lacker, T. J.; Walther, A.; Ehlert, U.",2020,10.1177/1557988320926332,American journal of men's health,,,,,,,,,
,Approaches in methodology for population-based longitudinal study on neuroprotective model for healthy longevity (TUA) among Malaysian Older Adults.,Shahar,"Shahar, Suzana; Omar, Azahadi; Vanoh, Divya; Hamid, Tengku Aizan; Mukari, Siti Zamratol Mai-Sarah; Din, Normah Che; Rajab, Nor Fadilah; Mohammed, Zainora; Ibrahim, Rahimah; Loo, Won Hui; Meramat, Asheila; Kamaruddin, Mohd Zul Amin; Bagat, Mohamad Fazdillah; Razali, Rosdinom",2016,10.1007/s40520-015-0511-4,Aging clinical and experimental research,,,,,,,,,
,Association Between Carbohydrate Nutrition and Successful Aging Over 10 Years.,Gopinath,"Gopinath, Bamini; Flood, Victoria M.; Kifley, Annette; Louie, Jimmy C. Y.; Mitchell, Paul",2016,10.1093/gerona/glw091,"The journals of gerontology. Series A, Biological sciences and medical sciences",,,,,,,,,
,Association Between Dietary Patterns in Midlife and Healthy Ageing in Chinese Adults: The Singapore Chinese Health Study.,Zhou,"Zhou, Yan-Feng; Song, Xing-Yue; Wu, Jing; Chen, Guo-Chong; Neelakantan, Nithya; van Dam, Rob M.; Feng, Lei; Yuan, Jian-Min; Pan, An; Koh, Woon-Puay",2021,10.1016/j.jamda.2020.09.045,Journal of the American Medical Directors Association,,,,,,,,,
,Association between northern Manhattan study global vascular risk score and successful aging.,Warsch,"Warsch, Jessica R. L.; Rundek, Tatjana; Paik, Myunghee C.; Elkind, Mitchell S. V.; Sacco, Ralph L.; Wright, Clinton B.",2013,10.1111/jgs.12166,Journal of the American Geriatrics Society,,,,,,,,,
,Association between successful aging transitions and depressive symptoms among older Korean adults: findings from the Korean longitudinal study of aging (2006-2018).,Nari,"Nari, Fatima; Jang, Bich Na; Kim, Selin; Jeong, Wonjeong; Jang, Sung-In; Park, Eun-Cheol",2021,10.1186/s12877-021-02250-6,BMC geriatrics,,,,,,,,,
,Association between vision and hearing impairment and successful aging over five years.,Gopinath,"Gopinath, Bamini; Liew, Gerald; Burlutsky, George; McMahon, Catherine M.; Mitchell, Paul",2021,10.1016/j.maturitas.2020.10.015,Maturitas,,,,,,,,,
,Association of 10-Year C-Reactive Protein Trajectories With Markers of Healthy Aging: Findings From the English Longitudinal Study of Aging.,Lassale,"Lassale, Camille; Batty, G. David; Steptoe, Andrew; Cadar, Dorina; Akbaraly, Tasnime N.; Kivimäki, Mika; Zaninotto, Paola",2019,10.1093/gerona/gly028,"The journals of gerontology. Series A, Biological sciences and medical sciences",,,,,,,,,
,Association of body mass index and waist circumference with successful aging.,Singh-Manoux,"Singh-Manoux, Archana; Sabia, Séverine; Bouillon, Kim; Brunner, Eric J.; Grodstein, Francine; Elbaz, Alexis; Kivimaki, Mika",2014,10.1002/oby.20651,"Obesity (Silver Spring, Md.)",,,,,,,,,
,Association of diet quality and physical activity with healthy ageing in the French NutriNet-Santé cohort.,Assmann,"Assmann, Karen E.; Adjibade, Moufidath; Adriouch, Solia; Andreeva, Valentina A.; Julia, Chantal; Hercberg, Serge; Galan, Pilar; Kesse-Guyot, Emmanuelle",2019,10.1017/S0007114519000898,The British journal of nutrition,,,,,,,,,
,Associations of Lifestyle Behaviour and Healthy Ageing in Five Latin American and the Caribbean Countries-A 10/66 Population-Based Cohort Study.,Daskalopoulou,"Daskalopoulou, Christina; Koukounari, Artemis; Ayuso-Mateos, José Luis; Prince, Martin; Prina, A. Matthew",2018,10.3390/nu10111593,Nutrients,,,,,,,,,
,Associations of overweight and metabolic health with successful aging: 32-year follow-up of the Helsinki Businessmen Study.,JyvÃ¤korpi,"Jyväkorpi, Satu K.; Urtamo, Annele; Strandberg, Arto Y.; von Bonsdorff, Mikaela; Salomaa, Veikko; Kivimäki, Mika; Luotola, Kari; Strandberg, Timo E.",2020,10.1016/j.clnu.2019.06.011,Clinical Nutrition,,,,,,,,,
,Associations of parental ages at childbirth with healthy aging among women.,Shadyab,"Shadyab, Aladdin H.; Manson, JoAnn E.; Li, Wenjun; Gass, Margery; Brunner, Robert L.; Naughton, Michelle J.; Cannell, Brad; Howard, Barbara V.; LaCroix, Andrea Z.",2019,10.1016/j.maturitas.2019.08.002,Maturitas,,,,,,,,,
,Associations of Successful Aging With Socioeconomic Position Across the Life-Course: The West of Scotland Twenty-07 Prospective Cohort Study.,Whitley,"Whitley, Elise; Benzeval, Michaela; Popham, Frank",2018,10.1177/0898264316665208,Journal of aging and health,,,,,,,,,
,Associations of Weight Gain From Early to Middle Adulthood With Major Health Outcomes Later in Life.,Zheng,"Zheng, Yan; Manson, JoAnn E.; Yuan, Changzheng; Liang, Matthew H.; Grodstein, Francine; Stampfer, Meir J.; Willett, Walter C.; Hu, Frank B.",2017,10.1001/jama.2017.7092,JAMA,,,,,,,,,
,"Associations with successful ageing in the """"""""Healthy Old People in Edinburgh"""""""" cohort: being well, fit and healthy.",Starr,"Starr, John M.; Deary, Ian J.; Macintyre, Sally",2003,10.1007/BF03324519,Aging clinical and experimental research,,,,,,,,,
,British Columbia CARMA-CHIWOS Collaboration (BCC3): protocol for a community-collaborative cohort study examining healthy ageing with and for women living with HIV.,Swann,"Swann, Shayda A; Kaida, Angela; Nicholson, Valerie; Brophy, Jason; Campbell, Amber R; Carter, Allison; Elwood, Chelsea; Gebremedhen, Tsion; Gormley, Rebecca; King, Elizabeth M; Lee, Melanie; Lee, Vonnie; Maan, Evelyn J; Magagula, Patience; Nyman, Sheila; Pang, Davi; Pick, Neora; Povshedna, Tetiana; Prior, Jerilynn C; Singer, Joel; Tognazzini, Shelly; Murray, Melanie C M; Cote, Helene C F",2021,10.1136/bmjopen-2020-046558,BMJ open,,,,,,,,,
,"Caloric Restriction, the Traditional Okinawan Diet, and Healthy Aging: The Diet of the World's Longest-Lived People and Its Potential Impact on Morbidity and Life Span.  Miscellaneous Article",Willcox,"Willcox, BRADLEY J. a; Willcox, D. CRAIG a; Todoriki, HIDEMI d; Fujiyoshi, AKIRA b; Yano, KATSUHIKO a; He, QIMEI a; Curb, J. DAVID a; Suzuki, MAKOTO e",2007,NA,Annals of the New York Academy of Sciences,,,,,,,,,
,Can maintaining cognitive function at 65 years old predict successful ageing 6 years later? The PROOF study.,Castro-Lionard,"Castro-Lionard, Karine; Thomas-Antérion, Catherine; Crawford-Achour, Emilie; Rouch, Isabelle; Trombert-Paviot, Béatrice; Barthélémy, Jean-Claude; Laurent, Bernard; Roche, Frédéric; Gonthier, Régis",2011,10.1093/ageing/afq174,Age and ageing,,,,,,,,,
,Chronic inflammation as a determinant of future aging phenotypes.,Akbaraly,"Akbaraly, Tasnime N.; Hamer, Mark; Ferrie, Jane E.; Lowe, Gordon; Batty, G. David; Hagger-Johnson, Gareth; Singh-Manoux, Archana; Shipley, Martin J.; Kivimäki, Mika",2013,10.1503/cmaj.122072,CMAJ: Canadian Medical Association Journal,,,,,,,,,
,Cognitive and non-cognitive factors contributing to the longitudinal identification of successful older adults in the betula study.,Habib,"Habib, Reza; Nyberg, Lars; Nilsson, Lars-Göran",2007,10.1080/13825580600582412,"Neuropsychology, development, and cognition. Section B, Aging, neuropsychology and cognition",,,,,,,,,
,Comparison of the Rowe-Kahn Model of Successful Aging With Self-rated Health and Life Satisfaction: The West of Scotland Twenty-07 Prospective Cohort Study.,Whitley,"Whitley, Elise; Popham, Frank; Benzeval, Michaela",2016,10.1093/geront/gnv054,The Gerontologist,,,,,,,,,
,Contribution of education to health and life satisfaction in older adults mediated by negative affect.,Meeks,Meeks S; Murrell SA,2001,10.1177/089826430101300105,Journal of Aging & Health,,,,,,,,,
,Cystatin C and aging success.,Sarnak,"Sarnak, Mark J.; Katz, Ronit; Fried, Linda F.; Siscovick, David; Kestenbaum, Brian; Seliger, Stephen; Rifkin, Dena; Tracy, Russell; Newman, Anne B.; Shlipak, Michael G.",2008,10.1001/archinternmed.2007.40,Archives of internal medicine,,,,,,,,,
,"Decomposition of Mediterranean Dietary Pattern on Successful Aging, Among Older Adults: A Combined Analysis of Two Epidemiological Studies.",Foscolou,"Foscolou, Alexandra; Koloverou, Efi; Matalas, Antonia-Leda; Tyrovolas, Stefanos; Chrysohoou, Christina; Sidossis, Labros; Rallidis, Loukianos; Panagiotakos, Demosthenes B.",2019,10.1177/0898264318780608,Journal of aging and health,,,,,,,,,
,Determinant factors for healthy aging among senior citizens in a large city: the Epidoso Project in São Paulo.,Ramos,"Ramos, Luiz Roberto",2003,10.1590/s0102-311x2003000300011,Cadernos de saude publica,,,,,,,,,
,Determinants of successful aging using a multidimensional definition among Chinese elderly in Singapore.,Ng,"Ng, Tze Pin; Broekman, Birit F. P.; Niti, Matthew; Gwee, Xinyi; Kua, Ee Heok",2009,10.1097/JGP.0b013e31819a808e,The American journal of geriatric psychiatry : official journal of the American Association for Geriatric Psychiatry,,,,,,,,,
,Diabetes and ageing in the Melbourne Collaborative Cohort Study (MCCS).,Hodge,"Hodge, Allison M.; Flicker, Leon; O'Dea, Kerin; English, Dallas R.; Giles, Graham G.",2013,10.1016/j.diabres.2013.03.024,Diabetes Research & Clinical Practice,,,,,,,,,
,Dietary patterns as predictors of successful ageing.,Hodge,"Hodge, A. M.; O'Dea, K.; English, D. R.; Giles, G. G.; Flicker, L.",2014,10.1007/s12603-013-0405-0,"Journal of Nutrition, Health & Aging",,,,,,,,,
,"Dietary quality, lifestyle factors and healthy ageing in Europe: the SENECA study.",Haveman-Nies,Haveman-Nies A; de Groot LCP; van Staveren WA,2003,10.1093/ageing/32.4.427,Age & Ageing,,,,,,,,,
,Dietary scores at midlife and healthy ageing in a French prospective cohort.,Assmann,"Assmann, Karen E.; Andreeva, Valentina A.; Camilleri, Géraldine M.; Verger, Eric O.; Jeandel, Claude; Hercberg, Serge; Galan, Pilar; Kesse-Guyot, Emmanuelle",2016,10.1017/S0007114516002233,The British journal of nutrition,,,,,,,,,
,Education and wealth inequalities in healthy ageing in eight harmonised cohorts in the ATHLOS consortium: a population-based study.,Wu,"Wu, Yu-Tzu; Daskalopoulou, Christina; Muniz Terrera, Graciela; Sanchez Niubo, Albert; Rodríguez-Artalejo, Fernando; Ayuso-Mateos, Jose Luis; Bobak, Martin; Caballero, Francisco Félix; de la Fuente, Javier; de la Torre-Luque, Alejandro; García-Esquinas, Esther; Haro, Jose Maria; Koskinen, Seppo; Koupil, Ilona; Leonardi, Matilde; Pajak, Andrzej; Panagiotakos, Demosthenes; Stefler, Denes; Tobias-Adamczyk, Beata; Prince, Martin; Prina, A. Matthew",2020,10.1016/S2468-2667(20)30077-3,The Lancet. Public health,,,,,,,,,
,Educational differences in trajectories and determinants of healthy ageing in midlife and older Americans.,McLaughlin,"McLaughlin, Sara J.; Kim, Seonjin; Li, Lydia W.; Zhang, Jiaan",2020,10.1016/j.maturitas.2020.01.002,Maturitas,,,,,,,,,
,Evaluation of successful aging among older people in China: Results from China health and retirement longitudinal study.,Liu,"Liu, Huaqing; Byles, Julie E.; Xu, Xiaoyue; Zhang, Min; Wu, Xuesen; Hall, John J.",2017,10.1111/ggi.12848,Geriatrics & Gerontology International,,,,,,,,,
,Factors associated with healthy aging in septuagenarian and nonagenarian Mexican adults.,Arroyo-Quiroz,"Arroyo-Quiroz, Carmen; Brunauer, Regina; Alavez, Silvestre",2020,10.1016/j.maturitas.2019.10.008,Maturitas,,,,,,,,,
,Impact of morbidity and life events on successful aging.,Hsu,"Hsu, Hui-Chuan",2011,10.1177/1010539511412575,Asia-Pacific journal of public health,,,,,,,,,
,"Inflammation, But Not Telomere Length, Predicts Successful Ageing at Extreme Old Age: A Longitudinal Study of Semi-supercentenarians.",Arai,"Arai, Yasumichi; Martin-Ruiz, Carmen M.; Takayama, Michiyo; Abe, Yukiko; Takebayashi, Toru; Koyasu, Shigeo; Suematsu, Makoto; Hirose, Nobuyoshi; von Zglinicki, Thomas",2015,10.1016/j.ebiom.2015.07.029,EBioMedicine,,,,,,,,,
,Influence Of Exercise And Gardening Activity On Successful Aging: A Six-year Cohort Study: 3016 May 29 2:45 PM - 3:00 PM,Yang,"Yang, Yuxin; Wen, Xu",2020,10.1249/01.mss.0000684580.61554.43,Medicine & Science in Sports & Exercise,,,,,,,,,
,Influence of individual and combined healthy behaviours on successful aging.,Sabia,"Sabia, Séverine; Singh-Manoux, Archana; Hagger-Johnson, Gareth; Cambois, Emmanuelle; Brunner, Eric J.; Kivimaki, Mika",2012,10.1503/cmaj.121080,CMAJ: Canadian Medical Association Journal,,,,,,,,,
,Is it possible to overcome the 'long arm' of childhood socioeconomic disadvantage through upward socioeconomic mobility?,Vable,"Vable, Anusha M.; Gilsanz, Paola; Kawachi, Ichiro",2019,10.1093/pubmed/fdz018,"Journal of public health (Oxford, England)",,,,,,,,,
,Late-life factors associated with healthy aging in older men.,Bell,"Bell, Christina L.; Chen, Randi; Masaki, Kamal; Yee, Priscilla; He, Qimei; Grove, John; Donlon, Timothy; Curb, J. David; Willcox, D. Craig; Poon, Leonard W.; Willcox, Bradley J.",2014,10.1111/jgs.12796,Journal of the American Geriatrics Society,,,,,,,,,
,"Life and living in advanced age: a cohort study in New Zealand--e Puāwaitanga o Nga Tapuwae Kia Ora Tonu, LiLACS NZ: study protocol.",Hayman,"Hayman, Karen J.; Kerse, Ngaire; Dyall, Lorna; Kepa, Mere; Teh, Ruth; Wham, Carol; Clair, Valerie Wright-St; Wiles, Janine; Keeling, Sally; Connolly, Martin J.; Wilkinson, Tim J.; Moyes, Simon; Broad, Joanna B.; Jatrana, Santosh",2012,10.1186/1471-2318-12-33,BMC Geriatrics,,,,,,,,,
,Long-lasting active lifestyle and successful cognitive aging in a healthy elderly population: The PROOF cohort.,Saint,"Saint Martin, M.; Sforza, E.; Barthélémy, J. C.; Roche, F.; Lefèvre, P.; Liénard, G.; Thomas-Anterion, C.",2017,10.1016/j.neurol.2017.05.009,Revue neurologique,,,,,,,,,
,Long-term assessment of inflammation and healthy aging in late life: the Cardiovascular Health Study All Stars.,Jenny,"Jenny, Nancy S.; French, Benjamin; Arnold, Alice M.; Strotmeyer, Elsa S.; Cushman, Mary; Chaves, Paulo H. M.; Ding, Jingzhong; Fried, Linda P.; Kritchevsky, Stephen B.; Rifkin, Dena E.; Sarnak, Mark J.; Newman, Anne B.",2012,10.1093/gerona/glr261,Journals of Gerontology Series A: Biological Sciences & Medical Sciences,,,,,,,,,
,"Mental health in the aged: prevalence, covariates and related neuroendocrine, cardiovascular and inflammatory factors of successful aging.",Lacruz,"Lacruz, Maria E.; Emeny, Rebecca T.; Bickel, Horst; Cramer, Barbara; Kurz, Alexander; Bidlingmaier, Martin; Huber, Dorothea; Klug, Günther; Peters, Annette; Ladwig, Karl H.",2010,10.1186/1471-2288-10-36,BMC medical research methodology,,,,,,,,,
,Optimism and Healthy Aging in Women and Men.,Kim,"Kim, Eric S.; James, Peter; Zevon, Emily S.; Trudel-Fitzgerald, Claudia; Kubzansky, Laura D.; Grodstein, Francine",2019,10.1093/aje/kwz056,American journal of epidemiology,,,,,,,,,
,Optimism and Healthy Aging in Women.,James,"James, Peter; Kim, Eric S.; Kubzansky, Laura D.; Zevon, Emily S.; Trudel-Fitzgerald, Claudia; Grodstein, Francine",2019,10.1016/j.amepre.2018.07.037,American journal of preventive medicine,,,,,,,,,
,Outdoor adventure and successful ageing.,Boyes,"Boyes, Mike",2013,10.1017/S0144686X12000165,Ageing & Society,,,,,,,,,
,Parental longevity predicts healthy ageing among women.,Shadyab,"Shadyab, Aladdin H.; Manson, JoAnn E.; Li, Wenjun; Gass, Margery; Brunner, Robert L.; Naughton, Michelle J.; Cannell, Brad; Howard, Barbara V.; LaCroix, Andrea Z.",2018,10.1093/ageing/afy125,Age and ageing,,,,,,,,,
,Predicted factors for older Taiwanese to be healthy octogenarians: Results of an 18-year national cohort study.,Hsu,"Hsu, Wei-Chung; Tsai, Alan C.; Chen, Yu-Chia; Wang, Jiun-Yi",2017,10.1111/ggi.13112,Geriatrics & gerontology international,,,,,,,,,
,Predictors and characteristics of successful aging among men: a 48-year longitudinal study.,Westermeyer,"Westermeyer, Jerry F.",2013,10.2190/AG.76.4.c,International journal of aging & human development,,,,,,,,,
,Profile and determinants of successful aging in the Ibadan Study of Ageing.,Gureje,"Gureje, Oye; Oladeji, Bibilola D.; Abiona, Taiwo; Chatterji, Somnath",2014,10.1111/jgs.12802,Journal of the American Geriatrics Society,,,,,,,,,
,Prospective association between body mass index at midlife and healthy aging among French adults.,Ruhunuhewa,"Ruhunuhewa, Indunil; Adjibade, Moufidath; Andreeva, Valentina A.; Galan, Pilar; Hercberg, Serge; Assmann, Karen E.; Kesse-Guyot, Emmanuelle",2017,10.1002/oby.21853,"Obesity (Silver Spring, Md.)",,,,,,,,,
,Serial circulating omega 3 polyunsaturated fatty acids and healthy ageing among older adults in the Cardiovascular Health Study: prospective cohort study.,Lai,"Lai, Heidi Tm; de Oliveira Otto, Marcia C.; Lemaitre, Rozenn N.; McKnight, Barbara; Song, Xiaoling; King, Irena B.; Chaves, Paulo Hm; Odden, Michelle C.; Newman, Anne B.; Siscovick, David S.; Mozaffarian, Dariush",2018,10.1136/bmj.k4067,BMJ (Clinical research ed.),,,,,,,,,
,Sixteen-year predictors of successful aging from a southern Brazilian cohort: The PALA study,Rinaldi,"Rinaldi, Juciclara; do Canto Souza, Gabriele; Camozzato, Ana Luiza; Chaves, Marcia Lorena Fagundes",2018,10.1590/1980-57642018dn12-030002,Dementia & Neuropsychologia,,,,,,,,,
,Social connectedness and predictors of successful ageing.,Hodge,"Hodge, Allison M.; English, Dallas R.; Giles, Graham G.; Flicker, Leon",2013,10.1016/j.maturitas.2013.05.002,Maturitas,,,,,,,,,
,"Social determinants, health status and 10-year mortality among 10,906 older adults from the English longitudinal study of aging: the ATHLOS project.",Kollia,"Kollia, Natasa; Caballero, Francisco Félix; Sánchez-Niubó, Albert; Tyrovolas, Stefanos; Ayuso-Mateos, José Luis; Haro, Josep Maria; Chatterji, Somnath; Panagiotakos, Demosthenes B.",2018,10.1186/s12889-018-6288-6,BMC public health,,,,,,,,,
,Social Participation and Healthy Aging Among the Older Japanese:  The Ohsaki Cohort 2006 Study,Lu,"Lu, Yukai; Matsuyama, Sanae MS; Tanji, Fumiya; Otsuka, Tatsui; Tomata, Yasutake; Tsuji, Ichiro",NA,10.1093/gerona/glab101,Journals of Gerontology,,,,,,,,,
,Sociodemographic Factors Associated With Changes in Successful Aging in Spain: A Follow-Up Study.,DomÃ¨nech-Abella,"Domènech-Abella, Joan; Perales, Jaime; Lara, Elvira; Moneta, Maria Victoria; Izquierdo, Ana; Rico-Uribe, Laura Alejandra; Mundó, Jordi; Haro, Josep Maria",2018,10.1177/0898264317714327,Journal of aging and health,,,,,,,,,
,Socioeconomic inequalities in a 16-year longitudinal measurement of successful ageing.,Kok,"Kok, Almar A. L.; Aartsen, Marja J.; Deeg, Dorly J. H.; Huisman, Martijn",2016,10.1136/jech-2015-206938,Journal of epidemiology and community health,,,,,,,,,
,"Successful Aging as the Intersection of Individual Resources, Age, Environment, and Experiences of Well-being in Daily Activities.",MejÃ­a,"Mejía, Shannon T.; Ryan, Lindsay H.; Gonzalez, Richard; Smith, Jacqui",2017,10.1093/geronb/gbw148,"The journals of gerontology. Series B, Psychological sciences and social sciences",,,,,,,,,
,Successful aging in the Australian Longitudinal Study of Aging: Applying the MacArthur model cross-nationally,Andrews,"Andrews, Gary; Clark, Michael; Luszcz, Mary",2002,10.1111/1540-4560.00288,Journal of Social Issues,,,,,,,,,
,Successful aging.,Vaillant,Vaillant GE; Mukamal K,2001,10.1176/appi.ajp.158.6.839,American Journal of Psychiatry,,,,,,,,,
,Successful aging: effect of subclinical cardiovascular disease.,Newman,"Newman, Anne B.; Arnold, Alice M.; Naydeck, Barbara L.; Fried, Linda P.; Burke, Gregory L.; Enright, Paul; Gottdiener, John; Hirsch, Calvin; O'Leary, Daniel; Tracy, Russell",2003,10.1001/archinte.163.19.2315,Archives of internal medicine,,,,,,,,,
,Taking up physical activity in later life and healthy ageing: the English longitudinal study of ageing.,Hamer,"Hamer, Mark; Lavoie, Kim L.; Bacon, Simon L.",2014,10.1136/bjsports-2013-092993,British journal of sports medicine,,,,,,,,,
,The challenge of maintaining successful aging at 87 years old: the Octabaix study two-year follow-up.,Formiga,"Formiga, Francesc; Ferrer, Assumpta; Alburquerque, Jesus; Fernández-Quevedo, Manuel; Royo, Cristina; Pujol, Ramón",2012,10.1089/rej.2012.1343,Rejuvenation Research,,,,,,,,,
,The change and correlates of healthy ageing among Chinese older adults: findings from the China health and retirement longitudinal study.,Nie,"Nie, Peng; Li, Yan; Zhang, Nan; Sun, Xiaomin; Xin, Bao; Wang, Youfa",2021,10.1186/s12877-021-02026-y,BMC Geriatrics,,,,,,,,,
,The Effects of Life Events and Socioeconomic Position in Childhood and Adulthood on Successful Aging.,Kok,"Kok, Almar A. L.; Aartsen, Marja J.; Deeg, Dorly J. H.; Huisman, Martijn",2017,10.1093/geronb/gbw111,"The journals of gerontology. Series B, Psychological sciences and social sciences",,,,,,,,,
,The impact of physical activity on healthy ageing trajectories: evidence from eight cohort studies.,Moreno-Agostino,"Moreno-Agostino, Darío; Daskalopoulou, Christina; Wu, Yu-Tzu; Koukounari, Artemis; Haro, Josep Maria; Tyrovolas, Stefanos; Panagiotakos, Demosthenes B.; Prince, Martin; Prina, A. Matthew",2020,10.1186/s12966-020-00995-8,The international journal of behavioral nutrition and physical activity,,,,,,,,,
,The impact of socioeconomic status on the association between biomedical and psychosocial well-being and all-cause mortality in older Spanish adults.,DomÃ©nech-Abella,"Doménech-Abella, Joan; Mundó, Jordi; Moneta, Maria Victoria; Perales, Jaime; Ayuso-Mateos, José Luis; Miret, Marta; Haro, Josep Maria; Olaya, Beatriz",2018,10.1007/s00127-018-1480-7,Social psychiatry and psychiatric epidemiology,,,,,,,,,
,The NonaSantfeliu study. Baseline assessment and ten years of follow-up.,Formiga,"Formiga, Francesc; Ferrer, Assumpta; Lombarte, Inés; Fernández, Coral",2015,10.1016/j.regg.2014.03.006,Revista espanola de geriatria y gerontologia,,,,,,,,,
,The onset of widespread musculoskeletal pain is associated with a decrease in healthy ageing in older people: a population-based prospective study.,Wilkie,"Wilkie, Ross; Tajar, Abdelouahid; McBeth, John",2013,10.1371/journal.pone.0059858,PloS one,,,,,,,,,
,"The role of income and occupation in the association of education with healthy aging: results from a population-based, prospective cohort study.",White,"White, Christine M.; St John, Philip D.; Cheverie, Madelon R.; Iraniparast, Maryam; Tyas, Suzanne L.",2015,10.1186/s12889-015-2504-9,BMC Public Health,,,,,,,,,
,Tracing the origins of successful aging: the role of childhood conditions and social inequality in explaining later life health.,Brandt,"Brandt, Martina; Deindl, Christian; Hank, Karsten",2012,10.1016/j.socscimed.2012.01.004,Social science & medicine (1982),,,,,,,,,
,"Trajectories of the healthy ageing phenotype among middle-aged and older Britons, 2004-2013.",Tampubolon,"Tampubolon, Gindo",2016,10.1016/j.maturitas.2016.03.002,Maturitas,,,,,,,,,
,Transitioning From Successful Aging: A Life Course Approach.,Cooney,"Cooney, Teresa M.; Curl, Angela L.",2019,10.1177/0898264317737892,Journal of aging and health,,,,,,,,,
,What factors influence healthy aging? A person-centered approach among older adults in Taiwan.,Liu,"Liu, Li-Fan; Su, Pei-Fang",2017,10.1111/ggi.12774,Geriatrics & gerontology international,,,,,,,,,
,"Stressful life events, family support and successful ageing in the Biafran War generation.",Chukwuorji,"Chukwuorji, JohnBosco Chika; Nwoke, Mary Basil; Ebere, Magnus Okechukwu",2017,10.1080/13607863.2015.1083946,Aging & Mental Health,,,,,,,,,
,Dynamic links between memory and functional limitations in old age: longitudinal evidence for age-based structural dynamics from the AHEAD study.,Infurna,"Infurna, Frank J.; Gerstorf, Denis; Ryan, Lindsay H.; Smith, Jacqui",2011,10.1037/a0023023,Psychology and aging,,,,,,,,,
,The Combination of Healthy Diet and Healthy Body Weight Is Associated with Lower Risk of Nuclear Cataract in the Blue Mountains Eye Study.,Tan,"Tan, Ava Grace; Kifley, Annette; Flood, Victoria M.; Russell, Joanna; Burlutsky, George; Cumming, Robert G.; Mitchell, Paul; Wang, Jie Jin",2019,10.1093/jn/nxz103,The Journal of nutrition,,,,,,,,,
,Role of Physical Activity in the Relationship Between Mastery and Functional Health.,Sargent-Cox,"Sargent-Cox, Kerry A.; Butterworth, Peter; Anstey, Kaarin J.",2015,10.1093/geront/gnu042,Gerontologist,,,,,,,,,
,Life satisfaction and frequency of doctor visits.,Kim,"Kim, Eric S.; Park, Nansook; Sun, Jennifer K.; Smith, Jacqui; Peterson, Christopher",2014,10.1097/PSY.0000000000000024,Psychosomatic medicine,,,,,,,,,
,Health behaviors and multimorbidity resilience among older adults using the Canadian Longitudinal Study on Aging.,Wister,"Wister, Andrew; Cosco, Theodore; Mitchell, Barbara; Fyffe, Ian",2020,10.1017/S1041610219000486,International psychogeriatrics,,,,,,,,,
,Working conditions mediate the association between social class and physical function in older age in Sweden: a prospective cohort study.,Pandey,"Pandey, Nikita; Darin-Mattsson, Alexander; Nilsen, Charlotta",2020,10.1186/s12889-020-09431-9,BMC public health,,,,,,,,,
,Dietary antioxidant intake and its association with cognitive function in an ethnically diverse sample of US adults.,Beydoun,"Beydoun, May A.; Fanelli-Kuczmarski, Marie T.; Kitner-Triolo, Melissa H.; Beydoun, Hind A.; Kaufman, Jay S.; Mason, Marc A.; Evans, Michele K.; Zonderman, Alan B.",2015,10.1097/PSY.0000000000000129,Psychosomatic medicine,,,,,,,,,
,Longitudinal comparative transcriptomics reveals unique mechanisms underlying extended healthspan in bats.,Huang,"Huang, Zixia; Whelan, Conor V.; Foley, Nicole M.; Jebb, David; Touzalin, Frédéric; Petit, Eric J.; Puechmaille, Sébastien J.; Teeling, Emma C.",2019,10.1038/s41559-019-0913-3,Nature ecology & evolution,,,,,,,,,
,Dietary Patterns Associated with Lower 10-Year Atherosclerotic Cardiovascular Disease Risk among Urban African-American and White Adults Consuming Western Diets.,Fanelli,"Fanelli Kuczmarski, Marie; Bodt, Barry A.; Stave Shupe, Emily; Zonderman, Alan B.; Evans, Michele K.",2018,10.3390/nu10020158,Nutrients,,,,,,,,,
,Housing and Care for Older Women in Australia.,Byles,"Byles, Julie E.; Princehorn, Emily M.; Forder, Peta M.; Rahman, Md Mijanur",2021,10.3389/fpubh.2021.566960,Frontiers in public health,,,,,,,,,
,Serum ferritin levels associated with increased risk for developing CHD in a low-income urban population.,Olesnevich,"Olesnevich, Meghan E.; Fanelli Kuczmarski, Marie; Mason, Marc; Fang, Chengshun; Zonderman, Alan B.; Evans, Michele K.",2012,10.1017/S1368980011003284,Public health nutrition,,,,,,,,,
,Association of regional muscle strength with mortality and hospitalisation in older people.,GUADALUPE-GRAU,"GUADALUPE-GRAU, AMELIA; CARNICERO, JOSÉ A.; GÓMEZ-CABELLO, ALBA; GUTIÉRREZ AVILA, GONZALO; HUMANES, SONIA; ALEGRE, LUIS M.; CASTRO, MARTA; RODRÍGUEZ-MAÑAS, LEOCADIO; GARCÍA-GARCÍA, FRANCISCO JOSÉ",2015,10.1093/ageing/afv080,Age & Ageing,,,,,,,,,
,The Great Escape. Centenarians' exceptional health.,Barak,"Barak, Yoram; Leitch, Sharon; Glue, Paul",2021,10.1007/s40520-020-01552-w,Aging clinical and experimental research,,,,,,,,,
,"Physical Activity, Sedentary Behavior, and Long-Term Changes in Aortic Stiffness: The Whitehall II Study.",Ahmadi-Abhari,"Ahmadi-Abhari, Sara; Sabia, Severine; Shipley, Martin J.; Kivimäki, Mika; Singh-Manoux, Archana; Tabak, Adam; McEniery, Carmel; Wilkinson, Ian B.; Brunner, Eric J.",2017,10.1161/JAHA.117.005974,Journal of the American Heart Association,,,,,,,,,
,The nature and cross-domain correlates of subjective age in the oldest old: Evidence from the OCTO Study.,Infurna,"Infurna, Frank J.; Gerstorf, Denis; Robertson, Suzanne; Berg, Stig; Zarit, Steven H.",2010,10.1037/a0017979,Psychology and aging,,,,,,,,,
,Orthotopic liver transplant using allografts from geriatric population in the United States: is there any age limit?,Singhal,"Singhal, Ashish; Sezginsoy, Banu; Ghuloom, Adel E.; Hutchinson, Ian V.; Cho, Yong W.; Jabbour, Nicolas",2010,NA,Experimental and clinical transplantation : official journal of the Middle East Society for Organ Transplantation,,,,,,,,,
,"Effective coverage for hypertension treatment among middle-aged adults and the older population in China, 2011 to 2013: A nationwide longitudinal study.",Zhao,"Zhao, Yang; Mahal, Ajay Singh; Tang, Shenglan; Haregu, Tilahun Nigatu; Oldenburg, Brian",2020,10.7189/jogh.10.010805,Journal of global health,,,,,,,,,
,Development of a Dynamic Multi-Protein Signature of Postoperative Delirium.,Vasunilashorn,"Vasunilashorn, Sarinnapha M.; Ngo, Long H.; Chan, Noel Y.; Zhou, Wenxiao; Dillon, Simon T.; Otu, Hasan H.; Inouye, Sharon K.; Wyrobnik, Iris; Kuchel, George A.; McElhaney, Janet E.; Xie, Zhongcong; Alsop, David C.; Jones, Richard N.; Libermann, Towia A.; Marcantonio, Edward R.",2019,10.1093/gerona/gly036,Journals of Gerontology Series A: Biological Sciences & Medical Sciences,,,,,,,,,
,Biochemical and Hematological Correlates of Elevated Homocysteine in National Surveys and a Longitudinal Study of Urban Adults.,Beydoun,"Beydoun, May A.; Beydoun, Hind A.; MacIver, Peter H.; Hossain, Sharmin; Canas, Jose A.; Evans, Michele K.; Zonderman, Alan B.",2020,10.3390/nu12040950,Nutrients,,,,,,,,,
,"Self-perceptions of ageing, GP visits and frequent attendance. Longitudinal findings from the German Ageing Survey.",Hajek,"Hajek, André; König, Hans-Helmut",2021,10.1080/13607863.2020.1742659,Aging & mental health,,,,,,,,,
,Arterial-spin-labeling (ASL) perfusion MRI predicts cognitive function in elderly individuals: A 4-year longitudinal study.,De,"De Vis, Jill B.; Peng, Shin-Lei; Chen, Xi; Li, Yang; Liu, Peiying; Sur, Sandeepa; Rodrigue, Karen M.; Park, Denise C.; Lu, Hanzhang",2018,10.1002/jmri.25938,Journal of Magnetic Resonance Imaging,,,,,,,,,
,Personality traits and illicit substances: the moderating role of poverty.,Sutin,"Sutin, Angelina R.; Evans, Michele K.; Zonderman, Alan B.",2013,10.1016/j.drugalcdep.2012.10.020,Drug and alcohol dependence,,,,,,,,,
,Commonalities in biomarkers and phenotypes between mild cognitive impairment and cerebral palsy: a pilot exploratory study.,Ng,"Ng, Ted Kheng Siang; Tagawa, Alex; Ho, Roger Chun-Man; Larbi, Anis; Kua, Ee Heok; Mahendran, Rathi; Carollo, James J.; Heyn, Patricia C.",2021,10.18632/aging.202563,Aging,,,,,,,,,
,Depressive symptoms in late life and cerebrovascular disease: the importance of intelligence and lesion location.,Murray,"Murray, Alison D.; Staff, Roger T.; McNeil, Christopher J.; Salarirad, Sima; Phillips, Louise H.; Starr, John; Deary, Ian J.; Whalley, Lawrence J.",2013,10.1002/da.22022,Depression and anxiety,,,,,,,,,
,Circulating glucuronic acid predicts healthspan and longevity in humans and mice.,Ho,"Ho, Andrew; Sinick, Jonah; Esko, Tõnu; Fischer, Krista; Menni, Cristina; Zierer, Jonas; Matey-Hernandez, Maria; Fortney, Kristen; Morgen, Eric K.",2019,10.18632/aging.102281,Aging,,,,,,,,,
,Greater Periaortic Fat Volume at Midlife Is Associated with Slower Gait Speed Later in Life in Women: The SWAN Cardiovascular Fat Ancillary Study.,El,"El Khoudary, Samar R.; Chen, Xirun; Nasr, Alexis; Shields, Kelly; Barinas-Mitchell, Emma; Janssen, Imke; Everson-Rose, Susan A.; Powell, Lynda; Matthews, Karen",2019,10.1093/gerona/glz095,"The journals of gerontology. Series A, Biological sciences and medical sciences",,,,,,,,,
,Differential aging of cerebral white matter in middle-aged and older adults: A seven-year follow-up.,Bender,"Bender, Andrew R.; Völkle, Manuel C.; Raz, Naftali",2016,10.1016/j.neuroimage.2015.10.030,NeuroImage,,,,,,,,,
,Inferior temporal tau is associated with accelerated prospective cortical thinning in clinically normal older adults.,Scott,"Scott, Matthew R.; Hampton, Olivia L.; Buckley, Rachel F.; Chhatwal, Jasmeer P.; Hanseeuw, Bernard J.; Jacobs, Heidi Il; Properzi, Michael J.; Sanchez, Justin S.; Johnson, Keith A.; Sperling, Reisa A.; Schultz, Aaron P.",2020,10.1016/j.neuroimage.2020.116991,NeuroImage,,,,,,,,,
,Healthy aging in elderly cochlear implant recipients: a multinational observational study.,Marx,"Marx, M.; Mosnier, I.; Belmin, J.; Wyss, J.; Coudert-Koall, C.; Ramos, A.; Manrique Huarte, R.; Khnifes, R.; Hilly, O.; Martini, A.; Cuda, D.",2020,10.1186/s12877-020-01628-2,BMC geriatrics,,,,,,,,,
,Mood and Personality Characteristics are Associated with Metamemory Knowledge Accuracy in a Community-Based Cohort of Older Adults.,Colvin,"Colvin, Leigh E.; Malgaroli, Matteo; Chapman, Silvia; MacKay-Brandt, Anna; Cosentino, Stephanie",2018,10.1017/S1355617717001345,Journal of the International Neuropsychological Society : JINS,,,,,,,,,
,Intermittent Fasting Enhanced the Cognitive Function in Older Adults with Mild Cognitive Impairment by Inducing Biochemical and Metabolic changes: A 3-Year  Progressive Study.,Ooi,"Ooi, Theng Choon; Meramat, Asheila; Rajab, Nor Fadilah; Shahar, Suzana; Ismail, Intan Safinar; Azam, Amalina Ahmad; Sharif, Razinah",2020,10.3390/nu12092644,Nutrients,,,,,,,,,
,Temporal Dynamics of Motor Functioning and Cognitive Aging.,Finkel,"Finkel, Deborah; Ernsth-Bravell, Marie; Pedersen, Nancy L.",2016,10.1093/gerona/glv110,"The journals of gerontology. Series A, Biological sciences and medical sciences",,,,,,,,,
,A single measurement of serum phylloquinone is an adequate indicator of long-term phylloquinone exposure in healthy older adults.,Presse,"Presse, Nancy; Gaudreau, Pierrette; Greenwood, Carol E.; Kergoat, Marie-Jeanne; Morais, Jose A.; Payette, Hélène; Shatenstein, Bryna; Ferland, Guylaine",2012,10.3945/jn.112.164608,The Journal of nutrition,,,,,,,,,
,Cognitive Diversity in a Healthy Aging Cohort:  Cross-Domain Cognition in the Cam-CAN Project,Shafto,"Shafto, Meredith A.; Henson, Richard N.; Matthews, Fiona E.; Taylor, Jason R.; Emery, Tina; Erzinclioglu, Sharon; Hanley, Claire; Rowe, James B.; Cusack, Rhodri; Calder, Andrew J.; Marslen-Wilson, William D.; Duncan, John; Dalgleish, Tim; Brayne, Carol; Cam-Can; Tyler, Lorraine K.",2020,10.1177/0898264319878095,Journal of Aging and Health,,,,,,,,,
,"Trajectories of irregular word reading ability as a proxy for premorbid intelligence in Alzheimer's disease, mild cognitive impairment, and healthy aging: A longitudinal  study.",Weinborn,"Weinborn, Michael; Bucks, Romola S.; Sohrabi, Hamid R.; Rainey-Smith, Stephanie R.; Brown, Belinda M.; Gardener, Samantha L.; Gozt, Aleksandra; Christensen, Daniel; Savage, Greg; Laws, Simon M.; Taddei, Kevin; Maruff, Paul; Robertson, Joanne S.; Ellis, Kathryn A.; Ames, David; Masters, Colin L.; Rowe, Christopher C.; Martins, Ralph N.",2018,10.1037/pas0000565,Psychological assessment,,,,,,,,,
,Alteration of Cardiac Performance and Serum B-Type Natriuretic Peptide Level in Healthy Aging.,Yoshida,"Yoshida, Yuriko; Nakanishi, Koki; Daimon, Masao; Ishiwata, Jumpei; Sawada, Naoko; Hirokawa, Megumi; Kaneko, Hidehiro; Nakao, Tomoko; Mizuno, Yoshiko; Morita, Hiroyuki; Di Tullio, Marco R.; Homma, Shunichi; Komuro, Issei",2019,10.1016/j.jacc.2019.07.080,Journal of the American College of Cardiology,,,,,,,,,
,Longitudinal changes in odor identification performance and neuropsychological measures in aging individuals.,Wehling,"Wehling, Eike I.; Wollschlaeger, Daniel; Nordin, Steven; Lundervold, Astri J.",2016,10.1037/neu0000212,Neuropsychology,,,,,,,,,
,Exceptionally Long-Lived Individuals (ELLI) Demonstrate Slower Aging Rate Calculated by DNA Methylation Clocks as Possible Modulators for Healthy Longevity.,Gutman,"Gutman, Danielle; Rivkin, Elina; Fadida, Almog; Sharvit, Lital; Hermush, Vered; Rubin, Elad; Kirshner, Dani; Sabin, Irina; Dwolatzky, Tzvi; Atzmon, Gil",2020,10.3390/ijms21020615,International journal of molecular sciences,,,,,,,,,
,"Fibroblast Growth Factor 23 and Blood Pressure in Older Adults: The Health, Aging, and Body Composition Study.",Drew,"Drew, David A.; Katz, Ronit; Kritchevsky, Stephen; Ix, Joachim H.; Shlipak, Michael G.; Newman, Anne B.; Hoofnagle, Andrew N.; Fried, Linda F.; Sarnak, Mark; Gutiérrez, Orlando M.",2020,10.1161/HYPERTENSIONAHA.120.14703,"Hypertension (Dallas, Tex. : 1979)",,,,,,,,,
,Why and when social support predicts older adults' pain-related disability: a longitudinal study.,Matos,"Matos, Marta; Bernardes, Sónia F.; Goubert, Liesbet",2017,10.1097/j.pain.0000000000000990,Pain,,,,,,,,,
,Development of a Food Group-Based Diet Score and Its Association with Bone Mineral Density in the Elderly: The Rotterdam Study.,de Jonge,"de Jonge, Ester A. L.; Kiefte-de Jong, Jessica C.; de Groot, Lisette C. P. G. M.; Voortman, Trudy; Schoufour, Josje D.; Zillikens, M. Carola; Hofman, Albert; Uitterlinden, André G.; Franco, Oscar H.; Rivadeneira, Fernando",2015,10.3390/nu7085317,Nutrients,,,,,,,,,
,"Social isolation, cognitive reserve, and cognition in healthy older people.",Evans,"Evans, Isobel E. M.; Llewellyn, David J.; Matthews, Fiona E.; Woods, Robert T.; Brayne, Carol; Clare, Linda",2018,10.1371/journal.pone.0201008,PloS one,,,,,,,,,
,Impact of vertigo and dizziness on self-perceived participation and autonomy in older adults: results from the KORA-Age study.,Mueller,"Mueller, Martin; Strobl, Ralf; Jahn, Klaus; Linkohr, Birgit; Ladwig, Karl Heinz; Mielck, Andreas; Grill, Eva",2014,10.1007/s11136-014-0684-x,"Quality of life research : an international journal of quality of life aspects of treatment, care and rehabilitation",,,,,,,,,
,"Pharyngeal Area Changes in Parkinson's Disease and Its Effect on Swallowing Safety, Efficiency, and Kinematics.",Curtis,"Curtis, James A.; Molfenter, Sonja M.; Troche, Michelle S.",2020,10.1007/s00455-019-10052-7,Dysphagia,,,,,,,,,
,Mediterranean-Style Diet Improves Systolic Blood Pressure and Arterial Stiffness in Older Adults.,Jennings,"Jennings, Amy; Berendsen, Agnes M.; de Groot, Lisette C.P.G.M.; Feskens, Edith J.M.; Brzozowska, Anna; Sicinska, Ewa; Pietruszka, Barbara; Meunier, Nathalie; Caumon, Elodie; Malpuech-Brugère, Corinne; Santoro, Aurelia; Ostan, Rita; Franceschi, Claudio; Gillings, Rachel; O' Neill, Colette M.; Fairweather-Tait, Sue J.; Minihane, Anne-Marie; Cassidy, Aedín",2019,10.1161/HYPERTENSIONAHA.118.12259,Hypertension (0194911X),,,,,,,,,
,Aging disturbs the balance between effector and regulatory CD4+ T cells.,van,"van der Geest, Kornelis S. M.; Abdulahad, Wayel H.; Tete, Sarah M.; Lorencetti, Pedro G.; Horst, Gerda; Bos, Nicolaas A.; Kroesen, Bart-Jan; Brouwer, Elisabeth; Boots, Annemieke M. H.",2014,10.1016/j.exger.2014.11.005,Experimental gerontology,,,,,,,,,
,Lifestyle in mental health and injury prevention among the elderly in Gorenjska region.,Zurc,"Zurc, Joca; Savic, Brigita Skela",2012,NA,Obzornik Zdravstvene Nege,,,,,,,,,
,Socioeconomic Differences in Trajectories of Functional Capacity Among Older Japanese: A 25-Year Longitudinal Study.,Murayama,"Murayama, Hiroshi; Liang, Jersey; Shaw, Benjamin A.; Botoseneanu, Anda; Kobayashi, Erika; Fukaya, Taro; Shinkai, Shoji",2020,10.1016/j.jamda.2020.02.012,Journal of the American Medical Directors Association,,,,,,,,,
,Serum Uric Acid and Its Association with Longitudinal Cognitive Change Among Urban Adults.,Beydoun,"Beydoun, May A.; Canas, Jose-Atilio; Dore, Gregory A.; Beydoun, Hind A.; Rostant, Ola S.; Fanelli-Kuczmarski, Marie T.; Evans, Michele K.; Zonderman, Alan B.",2016,10.3233/JAD-160028,Journal of Alzheimer's disease : JAD,,,,,,,,,
,Positive life orientation in old age: a 15-year follow-up.,Eloranta,"Eloranta, Sini; Arve, Seija; Lavonius, Sirkku; Routasalo, Pirkko; Lehtonen, Aapo; Viitanen, Matti; Isoaho, Hannu",2012,10.1016/j.archger.2012.04.010,Archives of gerontology and geriatrics,,,,,,,,,
,A novel phospholipid delivery system of curcumin (Meriva®) preserves muscular mass in healthy aging subjects.,Franceschi,"Franceschi, F.; Feregalli, B.; Togni, S.; Cornelli, U.; Giacomelli, L.; Eggenhoffner, R.; Belcaro, G.",2016,NA,European review for medical and pharmacological sciences,,,,,,,,,
,Severe lower limb cellulitis: defining the epidemiology and risk factors for primary episodes in a population-based case-control study.,Cannon,"Cannon, J.; Rajakaruna, G.; Dyer, J.; Carapetis, J.; Manning, L.",2018,10.1016/j.cmi.2018.01.024,Clinical microbiology and infection : the official publication of the European Society of Clinical Microbiology and Infectious Diseases,,,,,,,,,
,A 3-year follow-up study on cardiovascular disease and mortality in older people with intellectual disabilities.,de,"de Winter, C. F.; van den Berge, A. P. J.; Schoufour, J. D.; Oppewal, A.; Evenhuis, H. M.",2016,10.1016/j.ridd.2016.01.020,Research in developmental disabilities,,,,,,,,,
,The Swedish Aging With Spinal Cord Injury Study (SASCIS): Methodology and Initial Results.,JÃ¶rgensen,"Jörgensen, Sophie; Iwarsson, Susanne; Norin, Lizette; Lexell, Jan",2016,10.1016/j.pmrj.2015.10.014,"PM & R : the journal of injury, function, and rehabilitation",,,,,,,,,
,"Process dissociation analyses of memory changes in healthy aging, preclinical, and very mild Alzheimer disease: Evidence for isolated recollection deficits.",Millar,"Millar, Peter R.; Balota, David A.; Maddox, Geoffrey B.; Duchek, Janet M.; Aschenbrenner, Andrew J.; Fagan, Anne M.; Benzinger, Tammie L. S.; Morris, John C.",2017,10.1037/neu0000352,Neuropsychology,,,,,,,,,
,Running and Physical Activity in an Air-Polluted Environment: The Biomechanical and Musculoskeletal Protocol for a Prospective Cohort Study 4HAIE (Healthy Aging in  Industrial Environment-Program 4).,Jandacka,"Jandacka, Daniel; Uchytil, Jaroslav; Zahradnik, David; Farana, Roman; Vilimek, Dominik; Skypala, Jiri; Urbaczka, Jan; Plesek, Jan; Motyka, Adam; Blaschova, Denisa; Beinhauerova, Gabriela; Rygelova, Marketa; Brtva, Pavel; Balazova, Klara; Horka, Veronika; Malus, Jan; Silvernail, Julia Freedman; Irwin, Gareth; Nieminen, Miika T.; Casula, Victor; Juras, Vladimir; Golian, Milos; Elavsky, Steriani; Knapova, Lenka; Sram, Radim; Hamill, Joseph",2020,10.3390/ijerph17239142,International journal of environmental research and public health,,,,,,,,,
,"Epigenetic age acceleration predicts cancer, cardiovascular, and all-cause mortality in a German case cohort.",Perna,"Perna, Laura; Zhang, Yan; Mons, Ute; Holleczek, Bernd; Saum, Kai-Uwe; Brenner, Hermann",2016,10.1186/s13148-016-0228-z,Clinical epigenetics,,,,,,,,,
,"Social Participation during the Transition to Retirement: Findings on Work, Health and Physical Activity beyond Retirement from an Interview Study over the Course of 3 Years.",Lippke,"Lippke, Sonia; Cihlar, Volker",2021,10.1080/01924788.2020.1728471,"Activities, Adaptation & Aging",,,,,,,,,
,Vitamin D Status and Intakes and Their Association With Cognitive Trajectory in a Longitudinal Study of Urban Adults.,Beydoun,"Beydoun, May A.; Hossain, Sharmin; Fanelli-Kuczmarski, Marie T.; Beydoun, Hind A.; Canas, Jose-Atilio; Evans, Michele K.; Zonderman, Alan B.",2018,10.1210/jc.2017-02462,The Journal of clinical endocrinology and metabolism,,,,,,,,,
,Separating Symptomatic Alzheimer's Disease from Depression based on Structural MRI.,KlÃ¶ppel,"Klöppel, Stefan; Kotschi, Maria; Peter, Jessica; Egger, Karl; Hausner, Lucrezia; Frölich, Lutz; Förster, Alex; Heimbach, Bernhard; Normann, Claus; Vach, Werner; Urbach, Horst; Abdulkadir, Ahmed",2018,10.3233/JAD-170964,Journal of Alzheimer's disease : JAD,,,,,,,,,
,Factors Influencing Longitudinal Stair Climb Performance from Midlife to Early Late Life: The Study of Women's Health Across the Nation Chicago and Michigan Sites.,Lange-Maia,"Lange-Maia, B. S.; Karvonen-Gutierrez, C. A.; Strotmeyer, E. S.; Avery, E. F.; Appelhans, B. M.; Fitzpatrick, S. L.; Janssen, I.; Dugan, S. A.; Kravitz, H. M.",2019,10.1007/s12603-019-1254-2,"The journal of nutrition, health & aging",,,,,,,,,
,"Psychosocioeconomic Precariousness, Cognitive Decline and Risk of Developing Dementia: A 25-Year Study.",Ouvrard,"Ouvrard, Camille; Meillon, Céline; Dartigues, Jean-François; Ávila-Funes, José Alberto; Amieva, Hélène",2016,10.1159/000443790,Dementia and geriatric cognitive disorders,,,,,,,,,
,Repeatable Battery for the Assessment of Neuropsychological Status (RBANS): Normative Data for Older Adults.,Olaithe,"Olaithe, Michelle; Weinborn, Michael; Lowndes, Talitha; Ng, Amanda; Hodgson, Erica; Fine, Lara; Parker, Denise; Pushpanathan, Maria; Bayliss, Donna; Anderson, Mike; Bucks, Romola S.",2019,10.1093/arclin/acy102,Archives of clinical neuropsychology : the official journal of the National Academy of Neuropsychologists,,,,,,,,,
,Diet and Nutrition Risk Affect Mobility and General Health in Osteoarthritis: Data from the Canadian Longitudinal Study on Aging.,Chopp-Hurley,"Chopp-Hurley, Jaclyn N.; Wiebenga, Emily G.; Keller, Heather H.; Maly, Monica R.",2020,10.1093/gerona/glz277,"The journals of gerontology. Series A, Biological sciences and medical sciences",,,,,,,,,
,"Low protein intake, physical activity, and physical function in European and North American community-dwelling older adults: a pooled analysis of four longitudinal aging cohorts.",MendonÃ§a,"Mendonça, Nuno; Hengeveld, Linda M; Visser, Marjolein; Presse, Nancy; Canhão, Helena; Simonsick, Eleanor M; Kritchevsky, Stephen B; Newman, Anne B; Gaudreau, Pierrette; Jagger, Carol",2021,10.1093/ajcn/nqab051,American Journal of Clinical Nutrition,,,,,,,,,
,Trajectories of function and biomarkers with age: the CHS All Stars Study.,Newman,"Newman, Anne B.; Sanders, Jason L.; Kizer, Jorge R.; Boudreau, Robert M.; Odden, Michelle C.; Zeki Al Hazzouri, Adina; Arnold, Alice M.",2016,10.1093/ije/dyw092,International journal of epidemiology,,,,,,,,,
,Is Bullying Victimization in Childhood Associated With Mental Health in Old Age.,Hu,"Hu, Bo",2021,10.1093/geronb/gbz115,"The journals of gerontology. Series B, Psychological sciences and social sciences",,,,,,,,,
,The effect of age and gender on anti-saccade performance: Results from a large cohort of healthy aging individuals,Mack,"Mack, David J.; Heinzel, Sebastian; Pilotto, Andrea; Stetz, Lena; Lachenmaier, Sandra; Gugolz, Leonie; Srulijes, Karin; Eschweiler, Gerhard W.; Sunkel, Ulrike; Berg, Daniela; Ilg, Uwe J.",2020,10.1111/ejn.14878,Journal of Neuroscience,,,,,,,,,
,"Adiposity Without Obesity: Associations with Osteoporosis, Sarcopenia, and Falls in the Healthy Ageing Initiative Cohort Study.",Scott,"Scott, David; Johansson, Jonas; Ebeling, Peter R.; Nordstrom, Peter; Nordstrom, Anna",2020,10.1002/oby.22984,"Obesity (Silver Spring, Md.)",,,,,,,,,
,Social desirability does not confound reports of wellbeing or of socio-demographic attributes by older women.,Dawes,"Dawes, Sharrone E; Palmer, Barton W; Allison, Matthew A; Ganiats, Theodore G; Jeste, Dilip V",2011,10.1017/S0144686X10001029,Ageing & Society,,,,,,,,,
,Change in Engagement in Cognitive Activity and Risk for Mild Cognitive Impairment in a Cohort of Older Adults: The Monongahela-Youghiogheny Healthy Aging Team (MYHAT)  Study.,Hughes,"Hughes, Tiffany F.; Sun, Zhaowen; Chang, Chung-Chou H.; Ganguli, Mary",2018,10.1097/WAD.0000000000000214,Alzheimer disease and associated disorders,,,,,,,,,
,Association between nighttime sleep and successful aging among older Chinese people.,Liu,"Liu, Huaqing; Byles, Julie E.; Xu, Xiaoyue; Zhang, Min; Wu, Xuesen; Hall, John J.",2016,10.1016/j.sleep.2016.04.016,Sleep medicine,,,,,,,,,
,The effect of trends in health and longevity on health services use by older adults.,Wouterse,"Wouterse, Bram; Huisman, Martijn; Meijboom, Bert R.; Deeg, Dorly J. H.; Polder, Johan J.",2015,10.1186/s12913-015-1239-8,BMC Health Services Research,,,,,,,,,
,"Physical activity in an air-polluted environment: behavioral, psychological and neuroimaging protocol for a prospective cohort study (Healthy Aging in Industrial  Environment study - Program 4).",Elavsky,"Elavsky, S.; Jandačková, V.; Knapová, L.; Vašendová, V.; Sebera, M.; Kaštovská, B.; Blaschová, D.; Kühnová, J.; Cimler, R.; Vilímek, D.; Bosek, T.; Koenig, J.; Jandačka, D.",2021,10.1186/s12889-021-10166-4,BMC public health,,,,,,,,,
,Favourable changes in economic well-being and self-rated health among the elderly.,Brenes-Camacho,"Brenes-Camacho, Gilbert",2011,10.1016/j.socscimed.2011.02.027,Social science & medicine (1982),,,,,,,,,
,Clinical and laboratory characteristics of active and healthy aging (AHA) in octogenarian men.,Rantanen,"Rantanen, Kirsi K.; Strandberg, Timo E.; Stenholm, Sari S.; Strandberg, Arto Y.; Pitkälä, Kaisu H.; Salomaa, Veikko V.; Tilvis, Reijo S.",2015,10.1007/s40520-015-0329-0,Aging clinical and experimental research,,,,,,,,,
,Long-term athletic training does not alter age-associated reductions of left-ventricular mid-diastolic lengthening or expansion at rest.,Beaumont,"Beaumont, Alexander; Campbell, Amy; Unnithan, Viswanath; Grace, Fergal; Knox, Allan; Sculthorpe, Nicholas",2020,10.1007/s00421-020-04418-1,European journal of applied physiology,,,,,,,,,
,Metabolic Syndrome and Neurocognitive Deficits in HIV Infection,Yu,"Yu, Beverly BS a; Pasipanodya, Elizabeth; Montoya, Jessica L.; Moore, Raeanne C.; Gianella, Sara MD d; McCutchan, Allen MD e; Ellis, Ron MD b; Heaton, Robert K.; Jeste, Dilip V. MD b; Moore, David J.; Marquine, Maria J.",2019,10.1097/QAI.0000000000001964,Journal of Acquired Immune Deficiency Syndromes,,,,,,,,,
,Adaptation to stroke using a model of successful aging.,Donnellan,"Donnellan, C.; Hevey, D.; Hickey, A.; O'Neill, D.",2012,10.1080/13825585.2011.638976,"Aging, Neuropsychology & Cognition",,,,,,,,,
,"Meaning in Life and Its Relationship With Physical, Mental, and Cognitive Functioning: A Study of 1,042 Community-Dwelling Adults Across the Lifespan.",Aftab,"Aftab, Awais; Lee, Ellen E.; Klaus, Federica; Daly, Rebecca; Wu, Tsung-Chin; Tu, Xin; Huege, Steven; Jeste, Dilip V.",2019,10.4088/JCP.19m13064,The Journal of clinical psychiatry,,,,,,,,,
,Translating research to promote healthy aging: the complementary role of longitudinal studies and clinical trials.,Guralnik,Guralnik JM; Kritchevsky SB,2010,10.1111/j.1532-5415.2010.02938.x,Journal of the American Geriatrics Society,,,,,,,,,
,Physical activity levels and patterns in older adults: the influence of a DVD-based exercise program.,Gothe,"Gothe, Neha; Wójcicki, Thomas; Olson, Erin; Fanning, Jason; Awick, Elizabeth; Chung, H.; Zuniga, Krystle; Mackenzie, Michael; Motl, Robert; McAuley, Edward",2015,10.1007/s10865-014-9581-6,Journal of Behavioral Medicine,,,,,,,,,
,Midlife Cardiorespiratory Fitness and the Long-Term Risk of Mortality: 46 Years of Follow-Up.,Clausen,"Clausen, Johan S. R.; Marott, Jacob L.; Holtermann, Andreas; Gyntelberg, Finn; Jensen, Magnus T.",2018,10.1016/j.jacc.2018.06.045,Journal of the American College of Cardiology,,,,,,,,,
,Do cherished children age successfully? Longitudinal findings from the Veterans Affairs Normative Aging Study.,Lee,"Lee, Lewina O.; Aldwin, Carolyn M.; Kubzansky, Laura D.; Chen, Edith; Mroczek, Daniel K.; Wang, Joyce M.; Spiro, Avron",2015,10.1037/pag0000050,Psychology and aging,,,,,,,,,
,Reductions in cognitive functioning are associated with decreases in satisfaction with aging. Longitudinal findings based on a nationally representative sample.,Hajek,"Hajek, André; Buczak-Stec, Elzbieta; Riedel-Heller, Steffi G.; König, Hans-Helmut",2020,10.1016/j.archger.2020.104072,Archives of gerontology and geriatrics,,,,,,,,,
,Relationship between diet quality and cognition depends on socioeconomic position in healthy older adults.,Parrott,"Parrott, Matthew D.; Shatenstein, Bryna; Ferland, Guylaine; Payette, Hélène; Morais, José A.; Belleville, Sylvie; Kergoat, Marie-Jeanne; Gaudreau, Pierrette; Greenwood, Carol E.",2013,10.3945/jn.113.181115,The Journal of nutrition,,,,,,,,,
,Effect of Cardiovascular and Metabolic Disease on Cognitive Test Performance and Cognitive Change in Older Adults.,KÃ¶hler,"Köhler, Mirjam; Kliegel, Matthias; Kaduszkiewicz, Hanna; Bachmann, Cadja; Wiese, Birgitt; Bickel, Horst; Mösch, Edelgard; Weyerer, Siegfried; Werle, Jochen; Fuchs, Angela; Pentzek, Michael; Leicht, Hanna; König, Hans-Helmut; Luppa, Melanie; Riedel-Heller, Steffi; Jessen, Frank; Maier, Wolfgang; Scherer, Martin; Wagner, Michael",2012,10.1111/j.1532-5415.2012.04032.x,Journal of the American Geriatrics Society,,,,,,,,,
,Influencing factors for depressive symptoms in the elderly aged 65 years and older in 8 longevity areas in China.,Kang,"Kang, Q.; Lyu, Y. B.; Wei, Y.; Shi, W. Y.; Duan, J.; Zhou, J. H.; Wang, J. N.; Zhao, F.; Qu, Y. L.; Liu, L.; Liu, Y. C.; Cao, Z. J.; Yu, Q.; Shi, X. M.",2020,10.3760/cma.j.issn.0254-6450.2020.01.005,Zhonghua liu xing bing xue za zhi = Zhonghua liuxingbingxue zazhi,,,,,,,,,
,Quality of life among older people with a disability: the role of purpose in life and capabilities.,Yeung,"Yeung, Polly; Breheny, Mary",2021,10.1080/09638288.2019.1620875,Disability and rehabilitation,,,,,,,,,
,"Predicting 3-year mortality and admission to acute-care hospitals, skilled nursing facilities, and long-term care facilities in Medicare beneficiaries.",Kurichi,"Kurichi, Jibby E.; Bogner, Hillary R.; Streim, Joel E.; Xie, Dawei; Kwong, Pui L.; Saliba, Debra; Hennessy, Sean",2017,10.1016/j.archger.2017.08.005,Archives of gerontology and geriatrics,,,,,,,,,
,"Lack of neural compensatory mechanisms of BDNF val66met met carriers and APOE E4 carriers in healthy aging, mild cognitive impairment, and Alzheimer's disease",Gomar,"Gomar, Jesus J.; Conejero-Goldberg, Concepcion; Huey, Edward D.; Davies, Peter; Goldberg, Terry E.",2016,10.1016/j.neurobiolaging.2015.12.004,Neurobiology of Aging,,,,,,,,,
,Body mass index and unintentional weight change associated with all-cause mortality in older Australians: the Melbourne Longitudinal Studies on Healthy Ageing (MELSHA).,Atlantis,"Atlantis, Evan; Browning, Colette; Kendig, Hal",2010,10.1093/ageing/afq073,Age & Ageing,,,,,,,,,
,Variants of asthma and chronic obstructive pulmonary disease genes and lung function decline in aging.,Poon,"Poon, Audrey H.; Houseman, E. Andres; Ryan, Louise; Sparrow, David; Vokonas, Pantel S.; Litonjua, Augusto A.",2014,10.1093/gerona/glt179,"The journals of gerontology. Series A, Biological sciences and medical sciences",,,,,,,,,
,Heart rate variability as a marker of healthy ageing.,Tan,"Tan, Jason Por How; Beilharz, Jessica Elise; Vollmer-Conna, Uté; Cvejic, Erin",2019,10.1016/j.ijcard.2018.08.005,International journal of cardiology,,,,,,,,,
,Determinants of fluid intelligence in healthy aging: Omega-3 polyunsaturated fatty acid status and frontoparietal cortex structure.,Zamroziewicz,"Zamroziewicz, Marta K.; Paul, Erick J.; Zwilling, Chris E.; Barbey, Aron K.",2018,10.1080/1028415X.2017.1324357,Nutritional neuroscience,,,,,,,,,
,"Successful Aging, a New Challenge for Developing Countries: The Coyoacán Cohort.",GarcÃ­a-Lara,"García-Lara, J. M. A.; Navarrete-Reyes, A. P.; Medina-Méndez, R.; Aguilar-Navarro, S. G.; Avila-Funes, J. A.",2017,10.1007/s12603-016-0728-8,"The journal of nutrition, health & aging",,,,,,,,,
,Longitudinal change in the diet's monetary value is associated with its change in quality and micronutrient adequacy among urban adults.,Beydoun,"Beydoun, May A.; Fanelli-Kuczmarski, Marie T.; Poti, Jennifer; Allen, Allyssa; Beydoun, Hind A.; Evans, Michele K.; Zonderman, Alan B.",2018,10.1371/journal.pone.0204141,PloS one,,,,,,,,,
,Grandparenting predicts late-life cognition: Results from the Women's Healthy Ageing Project.,Burn,"Burn, Katherine; Szoeke, Cassandra",2015,10.1016/j.maturitas.2015.03.013,Maturitas,,,,,,,,,
,Engagement in social activities and progression from mild to severe cognitive impairment: the MYHAT study.,Hughes,"Hughes, Tiffany F.; Flatt, Jason D.; Fu, Bo; Chang, Chung-Chou H.; Ganguli, Mary",2013,10.1017/S1041610212002086,International psychogeriatrics,,,,,,,,,
,Are people healthier if their partners are more optimistic? The dyadic effect of optimism on health among older adults.,Kim,"Kim, Eric S.; Chopik, William J.; Smith, Jacqui",2014,10.1016/j.jpsychores.2014.03.104,Journal of psychosomatic research,,,,,,,,,
,Cohort Profile:  The Melbourne Longitudinal Studies on Healthy Ageing Program,Browning,"Browning, Colette J.; Kendig, Hal",2010,10.1093/ije/dyq137,International journal of epidemiology,,,,,,,,,
,Plasma amyloid is associated with the rate of cognitive decline in cognitively normal elderly: the SCIENCe project.,Verberk,"Verberk, Inge M. W.; Hendriksen, Heleen M. A.; van Harten, Argonde C.; Wesselman, Linda M. P.; Verfaillie, Sander C. J.; van den Bosch, Karlijn A.; Slot, Rosalinde E. R.; Prins, Niels D.; Scheltens, Philip; Teunissen, Charlotte E.; Van der Flier, Wiesje M.",2020,10.1016/j.neurobiolaging.2020.01.007,Neurobiology of aging,,,,,,,,,
,A longitudinal study of the impact of chronic psychological stress on health-related quality of life and clinical biomarkers: protocol for the Australian Healthy Aging  of Women Study.,Seib,"Seib, Charrlotte; Whiteside, Eliza; Humphreys, Janice; Lee, Kathryn; Thomas, Patrick; Chopin, Lisa; Crisp, Gabrielle; O'Keeffe, Angela; Kimlin, Michael; Stacey, Andrew; Anderson, Debra",2014,10.1186/1471-2458-14-9,BMC public health,,,,,,,,,
,"Health, functional ability and life satisfaction among older people 65 years and over: a cross-sectional study.",Rodgers,"Rodgers, Vivien; Neville, Stephen; La Grow, Steven",2017,10.1080/10376178.2017.1319286,Contemporary Nurse: A Journal for the Australian Nursing Profession,,,,,,,,,
,"Nutrient Patterns, Cognitive Function, and Decline in Older Persons: Results from the Three-City and NuAge Studies.",AllÃ¨s,"Allès, Benjamin; Samieri, Cécilia; Jutand, Marthe-Aline; Carmichael, Pierre-Hugues; Shatenstein, Bryna; Gaudreau, Pierrette; Ferland, Guylaine; Barberger-Gateau, Pascale; Laurin, Danielle",2019,10.3390/nu11081808,Nutrients,,,,,,,,,
,Quantitative T(1) and T(2) MRI signal characteristics in the human brain: different patterns of MR contrasts in normal ageing.,Knight,"Knight, Michael J.; McCann, Bryony; Tsivos, Demitra; Couthard, Elizabeth; Kauppinen, Risto A.",2016,10.1007/s10334-016-0573-0,"Magma (New York, N.Y.)",,,,,,,,,
,"Mortality in Relation to Changes in a Healthy Aging Index: The Health, Aging, and Body Composition Study.",O'Connell,"O'Connell, Matthew D. L.; Marron, Megan M.; Boudreau, Robert M.; Canney, Mark; Sanders, Jason L.; Kenny, Rose Anne; Kritchevsky, Stephen B.; Harris, Tamara B.; Newman, Anne B.",2019,10.1093/gerona/gly114,"The journals of gerontology. Series A, Biological sciences and medical sciences",,,,,,,,,
,Higher Levels of Endogenous Estradiol are Associated with Frailty in Postmenopausal Women from the Toledo Study for Healthy Aging.  Miscellaneous Article,Carcaillon,"Carcaillon, L.; Garcia-Garcia, F. J.; Tresguerres, J. A. F.; Gutierrez Avila, G.; Kireev, R.; Rodriguez-Manas, L.",2012,10.1210/jc.2012-1271,Journal of Clinical Endocrinology,,,,,,,,,
,Water-loss (intracellular) dehydration assessed using urinary tests: how well do they work? Diagnostic accuracy in older people.,Hooper,"Hooper, Lee; Bunn, Diane K.; Abdelhamid, Asmaa; Gillings, Rachel; Jennings, Amy; Maas, Katie; Millar, Sophie; Twomlow, Elizabeth; Hunter, Paul R.; Shepstone, Lee; Potter, John F.; Fairweather-Tait, Susan J.",2016,10.3945/ajcn.115.119925,American Journal of Clinical Nutrition,,,,,,,,,
,Healthy Aging 5 Years After a Period of Daily Supplementation With Antioxidant Nutrients: A Post Hoc Analysis of the French Randomized Trial SU.VI.MAX.,Assmann,"Assmann, Karen E.; Andreeva, Valentina A.; Jeandel, Claude; Hercberg, Serge; Galan, Pilar; Kesse-Guyot, Emmanuelle",2015,10.1093/aje/kwv105,American Journal of Epidemiology,,,,,,,,,
,Boomer matters: Responding to emotional health needs in an aging society,O'Connor,"O'Connor, Deborah; Kelson, Elizabeth",2018,10.1080/01634372.2017.1384778,Journal of Gerontological Social Work,,,,,,,,,
,Effect of Early- and Adult-Life Socioeconomic Circumstances on Physical Inactivity.,Cheval,"Cheval, Boris; Sieber, Stefan; Guessous, Idris; Orsholits, Dan; Courvoisier, Delphine S.; Kliegel, Matthias; Stringhini, Silvia; Swinnen, Stephan P.; Burton-Jeangros, Claudine; Cullati, Stéphane; Boisgontier, Matthieu P.",2018,10.1249/MSS.0000000000001472,Medicine and science in sports and exercise,,,,,,,,,
,"Residential self-selection, perceived built environment and type 2 diabetes incidence: A longitudinal analysis of 36,224 middle to older age adults.",Dendup,"Dendup, Tashi; Astell-Burt, Thomas; Feng, Xiaoqi",2019,10.1016/j.healthplace.2019.102154,Health & place,,,,,,,,,
,Estimates of age-dependent cutoffs for pathological brain volume loss using SIENA/FSL-a longitudinal brain volumetry study in healthy adults.,Opfer,"Opfer, Roland; Ostwaldt, Ann-Christin; Sormani, Maria Pia; Gocke, Carola; Walker-Egger, Christine; Manogaran, Praveena; De Stefano, Nicola; Schippling, Sven",2018,10.1016/j.neurobiolaging.2017.12.024,Neurobiology of aging,,,,,,,,,
,A prospective cohort study of health behavior profiles after age 50 and mortality risk.,Shaw,"Shaw, Benjamin A.; Agahi, Neda",2012,10.1186/1471-2458-12-803,BMC public health,,,,,,,,,
,Lower Prescription Rates in Centenarians with Heart Failure and Heart Failure and Kidney Disease Combined: Findings from a Longitudinal Cohort Study of Very Old  Patients.,Schmidt,"Schmidt, Insa Marie; Kreutz, Reinhold; Dräger, Dagmar; Zwillich, Christine; Hörter, Stefan; Kuhlmey, Adelheid; Gellert, Paul",2018,10.1007/s40266-018-0581-z,Drugs & aging,,,,,,,,,
,"Cognitive abilities, brain white matter hyperintensity volume, and structural network connectivity in older age.",Wiseman,"Wiseman, Stewart J.; Booth, Tom; Ritchie, Stuart J.; Cox, Simon R.; Muñoz Maniega, Susana; Valdés Hernández, Maria Del C.; Dickie, David Alexander; Royle, Natalie A.; Starr, John M.; Deary, Ian J.; Wardlaw, Joanna M.; Bastin, Mark E.",2018,10.1002/hbm.23857,Human brain mapping,,,,,,,,,
,Trajectories of Accumulation of Health Deficits in Older Adults: Are There Variations According to Health Domains?,GarcÃ­a-Esquinas,"García-Esquinas, Esther; Ortolá, Rosario; Prina, Matthew; Stefler, Denes; Rodríguez-Artalejo, Fernando; Pastor-Barriuso, Roberto",2019,10.1016/j.jamda.2018.12.023,Journal of the American Medical Directors Association,,,,,,,,,
,"Association Between Vitamin D, Frailty, and Progression of Frailty in Community-Dwelling Older Women.",Buchebner,"Buchebner, David; Bartosch, Patrik; Malmgren, Linnea; McGuigan, Fiona E; Gerdhem, Paul; Akesson, Kristina E",2019,10.1210/jc.2019-00573,Journal of Clinical Endocrinology & Metabolism,,,,,,,,,
,Factors associated with ADL/IADL disability in community dwelling older adults in the Irish longitudinal study on ageing (TILDA).,Connolly,"Connolly, Deirdre; Garvey, Jess; McKee, Gabrielle",2017,10.3109/09638288.2016.1161848,Disability & Rehabilitation,,,,,,,,,
,Subjective wellbeing as a determinant of glycated hemoglobin in older adults: longitudinal findings from the English Longitudinal Study of Ageing.,Poole,"Poole, Lydia; Hackett, Ruth A.; Panagi, Laura; Steptoe, Andrew",2020,10.1017/S0033291719001879,Psychological Medicine,,,,,,,,,
,Is fat mass distribution related to impaired mobility in older men and women? Nutrition as a determinant of successful aging: the Quebec longitudinal study.,Bouchard,"Bouchard, Danielle R.; Choquette, Stéphane; Dionne, Isabelle J.; Brochu, Martin",2011,10.1080/0361073X.2011.568848,Experimental aging research,,,,,,,,,
,"Does Telomere Length Indicate Biological, Physical, and Cognitive Health Among Older Adults? Evidence from the Health and Retirement Study.",Brown,"Brown, Lauren L.; Zhang, Yuan S.; Mitchell, Colter; Ailshire, Jennifer",2018,10.1093/gerona/gly001,"The journals of gerontology. Series A, Biological sciences and medical sciences",,,,,,,,,
,The UK Adult Twin Registry (TwinsUK Resource).,Moayyeri,"Moayyeri, Alireza; Hammond, Christopher J.; Hart, Deborah J.; Spector, Timothy D.",2013,10.1017/thg.2012.89,Twin research and human genetics : the official journal of the International Society for Twin Studies,,,,,,,,,
,What it's like to grow older: the aging perceptions of people with an intellectual disability in Ireland.,Burke,"Burke, Eilish; McCarron, Mary; Carroll, Rachael; McGlinchey, Eimear; McCallion, Philip",2014,10.1352/1934-9556-52.3.205,Intellectual and developmental disabilities,,,,,,,,,
,Leukocyte telomere length and ideal cardiovascular health in American Indians: the Strong Heart Family Study.,Peng,"Peng, Hao; Mete, Mihriye; Desale, Sameer; Fretts, Amanda M.; Cole, Shelley A.; Best, Lyle G.; Lin, Jue; Blackburn, Elizabeth; Lee, Elisa T.; Howard, Barbara V.; Zhao, Jinying",2017,10.1007/s10654-016-0199-6,European journal of epidemiology,,,,,,,,,
,Predictive Factors for Verbal Memory Performance Over Decades of Aging: Data from the Women's Healthy Ageing Project.,Szoeke,"Szoeke, Cassandra; Lehert, Philippe; Henderson, Victor W.; Dennerstein, Lorraine; Desmond, Patricia; Campbell, Stephen",2016,10.1016/j.jagp.2016.05.008,The American journal of geriatric psychiatry : official journal of the American Association for Geriatric Psychiatry,,,,,,,,,
,Measuring cognitive performance in way that incorporates the concept of active and healthy ageing (AHA).,Stute,"Stute, Petra; von Bergen, Mélanie; Bitterlich, Norman; Meissner, Florian; von Wolff, Michael; Poethig, Dagmar",2019,10.1016/j.maturitas.2019.03.018,Maturitas,,,,,,,,,
,Muscle wasting in patients with chronic heart failure: results from the studies investigating co-morbidities aggravating heart failure (SICA-HF).,FÃ¼lster,"Fülster, Susann; Tacke, Matthias; Sandek, Anja; Ebner, Nicole; Tschöpe, Carsten; Doehner, Wolfram; Anker, Stefan D.; von Haehling, Stephan",2013,10.1093/eurheartj/ehs381,European heart journal,,,,,,,,,
,Accelerating cortical thinning: unique to dementia or universal in aging?,Fjell,"Fjell, Anders M.; Westlye, Lars T.; Grydeland, Håkon; Amlien, Inge; Espeseth, Thomas; Reinvang, Ivar; Raz, Naftali; Dale, Anders M.; Walhovd, Kristine B.",2014,10.1093/cercor/bhs379,"Cerebral cortex (New York, N.Y. : 1991)",,,,,,,,,
,Nutritional risk in community-dwelling older men: the Manitoba follow-up study.,Lengyel,"Lengyel, Christina O.; Tate, Robert B.; Bayomi, Dennis J.",2014,10.3148/75.2.2014.84,Canadian journal of dietetic practice and research : a publication of Dietitians of Canada = Revue canadienne de la pratique et de la recherche en dietetique : une  publication des Dietetistes du Canada,,,,,,,,,
,Physical and mental health of Chinese grandparents caring for grandchildren and great-grandparents.,Xu,"Xu, Hongwei",2019,10.1016/j.socscimed.2018.05.047,Social science & medicine (1982),,,,,,,,,
,Test-retest reliability and longitudinal analysis of automated hippocampal subregion volumes in healthy ageing and Alzheimer's disease populations.,Worker,"Worker, Amanda; Dima, Danai; Combes, Anna; Crum, William R.; Streffer, Johannes; Einstein, Steven; Mehta, Mitul A.; Barker, Gareth J.; Williams, Steve C. R.; O'daly, Owen",2018,10.1002/hbm.23948,Human brain mapping,,,,,,,,,
,Community engagement and dementia risk: time-to-event analyses from a national cohort study.,Fancourt,"Fancourt, Daisy; Steptoe, Andrew; Cadar, Dorina",2020,10.1136/jech-2019-213029,Journal of epidemiology and community health,,,,,,,,,
,Adolescent self-control behavior predicts body weight through the life course: a prospective birth cohort study.,Koike,"Koike, S.; Hardy, R.; Richards, M.",2016,10.1038/ijo.2015.213,International journal of obesity (2005),,,,,,,,,
,"Factors affecting the survival probability of becoming a centenarian for those aged 70, based on the human mortality database: income, health expenditure, telephone,  and sanitation.",Kim,"Kim, Jong In; Kim, Gukbin",2014,10.1186/1471-2318-14-113,BMC geriatrics,,,,,,,,,
,Measurement of hippocampal atrophy using 4D graph-cut segmentation: application to ADNI.,Wolz,"Wolz, Robin; Heckemann, Rolf A.; Aljabar, Paul; Hajnal, Joseph V.; Hammers, Alexander; Lötjönen, Jyrki; Rueckert, Daniel",2010,10.1016/j.neuroimage.2010.04.006,NeuroImage,,,,,,,,,
,Bi-directional Association of Cerebrospinal Fluid Immune Markers with Stage of Alzheimer's Disease Pathogenesis.,Meyer,"Meyer, Pierre-François; Savard, Melissa; Poirier, Judes; Labonté, Anne; Rosa-Neto, Pedro; Weitz, Tara M.; Town, Terrence; Breitner, John",2018,10.3233/JAD-170887,Journal of Alzheimer's Disease,,,,,,,,,
,"Association of Antioxidant Vitamins A, C, E and Carotenoids with Cognitive Performance over Time: A Cohort Study of Middle-Aged Adults.",Beydoun,"Beydoun, May A.; Canas, Jose A.; Fanelli-Kuczmarski, Marie T.; Maldonado, Ana I.; Shaked, Danielle; Kivimaki, Mika; Evans, Michele K.; Zonderman, Alan B.",2020,10.3390/nu12113558,Nutrients,,,,,,,,,
,Temporal trends in impairments of physical function among older adults during 2001-16 in Sweden: towards a healthier ageing.,Santoni,"Santoni, Giola; Angleman, Sara B.; Ek, Stina; Heiland, Emerald G.; Lagergren, Mårten; Fratiglioni, Laura; Welmer, Anna-Karin",2018,10.1093/ageing/afy085,Age and ageing,,,,,,,,,
,"Foot Problems in Older Adults Associations with Incident Falls, Frailty Syndrome, and Sensor-Derived Gait, Balance, and Physical Activity Measures.",Muchna,"Muchna, Amy; Najafi, Bijan; Wendel, Christopher S.; Schwenk, Michael; Armstrong, David G.; Mohler, Jane",2018,10.7547/15-186,Journal of the American Podiatric Medical Association,,,,,,,,,
,Trends in food consumption over 30 years: evidence from a British birth cohort.,Pot,"Pot, G. K.; Prynne, C. J.; Almoosawi, S.; Kuh, D.; Stephen, A. M.",2015,10.1038/ejcn.2014.223,European journal of clinical nutrition,,,,,,,,,
,Conducting systematic researches on influencing factors for healthy ageing and promoting scientific implementation of health promotion program for the elderly.,He,"He, Y.",2020,10.3760/cma.j.issn.0254-6450.2020.01.003,Zhonghua liu xing bing xue za zhi = Zhonghua liuxingbingxue zazhi,,,,,,,,,
,"Health, social and lifestyle factors in entry to residential aged care: an Australian longitudinal analysis.",Kendig,"Kendig, Hal; Browning, Colette; Pedlow, Robert; Wells, Yvonne; Thomas, Shane",2010,10.1093/ageing/afq016,Age and ageing,,,,,,,,,
,Socioeconomic position and quality of life among older people: The mediating role of social support.,Henriques,"Henriques, A.; Silva, S.; Severo, M.; Fraga, S.; Barros, H.",2020,10.1016/j.ypmed.2020.106073,Preventive medicine,,,,,,,,,
,Longitudinal brain volumetric changes during one year in non-elderly healthy adults: a voxel-based morphometry study.,GuimarÃ£es,"Guimarães, R. M.; Schaufelberger, M. S.; Santos, L. C.; Duran, F. L. S.; Menezes, P. R.; Scazufca, M.; Gouvea, M. T. V.; Busatto, G. F.",2012,10.1590/s0100-879x2012007500046,Brazilian journal of medical and biological research = Revista brasileira de pesquisas medicas e biologicas,,,,,,,,,
,Brain-derived neurotrophic factor (BDNF) gene: a gender-specific role in cognitive function during normal cognitive aging of the MEMO-Study?,Laing,"Laing, Katharine R.; Mitchell, David; Wersching, Heike; Czira, Maria E.; Berger, Klaus; Baune, Bernhard T.",2012,10.1007/s11357-011-9275-8,"Age (Dordrecht, Netherlands)",,,,,,,,,
,Association between healthy vascular aging and the risk of the first stroke in a community-based Chinese cohort.,Yang,"Yang, Yingying; Wang, Anxin; Yuan, Xiaodong; Zhao, Quanhui; Liu, Xiaoxue; Chen, Shuohua; Wang, Xiuyan; Wang, Yongjun; Wu, Shouling; Wang, Yilong",2019,10.18632/aging.102170,Aging,,,,,,,,,
,Multiple trajectories of successful aging of older and younger cohorts.,Hsu,"Hsu, Hui-Chuan; Jones, Bobby L.",2012,10.1093/geront/gns005,The Gerontologist,,,,,,,,,
,Interrelated factors favoring physical performance and activity in older adults from the NuAge cohort study.,Matta,"Matta, Joane; Mayo, Nancy; Dionne, Isabelle J.; Gaudreau, Pierrette; Fülöp, Tamàs; Tessier, Daniel; Gray-Donald, Katherine; Shatenstein, Bryna; Scott, Susan; Morais, José A.",2014,10.1016/j.exger.2014.03.013,Experimental gerontology,,,,,,,,,
,Neural substrates of vulnerability to postsurgical delirium as revealed by presurgical diffusion MRI.,Cavallari,"Cavallari, Michele; Dai, Weiying; Guttmann, Charles R. G.; Meier, Dominik S.; Ngo, Long H.; Hshieh, Tammy T.; Callahan, Amy E.; Fong, Tamara G.; Schmitt, Eva; Dickerson, Bradford C.; Press, Daniel Z.; Marcantonio, Edward R.; Jones, Richard N.; Inouye, Sharon K.; Alsop, David C.",2016,10.1093/brain/aww010,Brain : a journal of neurology,,,,,,,,,
,Successfully aging predicts successful aging in successful agers: Further definitional issues,Cosco,"Cosco, Theodore D.",2015,10.1017/S1041610214001318,International Psychogeriatrics,,,,,,,,,
,Positive Aging Expectations Are Associated With Physical Activity Among Urban-Dwelling Older Adults.,Andrews,"Andrews, Ryan M.; Tan, Erwin J.; Varma, Vijay R.; Rebok, George W.; Romani, William A.; Seeman, Teresa E.; Gruenewald, Tara L.; Tanner, Elizabeth K.; Carlson, Michelle C.",2017,10.1093/geront/gnx060,The Gerontologist,,,,,,,,,
,"Association between higher levels of sexual function, activity, and satisfaction and self-rated successful aging in older postmenopausal women.",Thompson,"Thompson, Wesley K.; Charo, Lindsey; Vahia, Ipsit V.; Depp, Colin; Allison, Matthew; Jeste, Dilip V.",2011,10.1111/j.1532-5415.2011.03495.x,Journal of the American Geriatrics Society,,,,,,,,,
,STING SNP R293Q Is Associated with a Decreased Risk of Aging-Related Diseases.,Hamann,"Hamann, Lutz; Ruiz-Moreno, Juan S.; Szwed, Malgorzata; Mossakowska, Malgorzata; Lundvall, Linn; Schumann, Ralf R.; Opitz, Bastian; Puzianowska-Kuznicka, Monika",2019,10.1159/000492972,Gerontology,,,,,,,,,
,Good Midlife Dietary Habits May Increase Likelihood of Healthy Aging.,Perez,"Perez, Hector; ay, Melanie",2014,NA,Journal of Clinical Outcomes Management,,,,,,,,,
,"Sex differences in physical performance by age, educational level, ethnic groups and birth cohort: The Longitudinal Aging Study Amsterdam.",Sialino,"Sialino, Lena D.; Schaap, Laura A.; van Oostrom, Sandra H.; Nooyens, Astrid C. J.; Picavet, Hendrika S. J.; Twisk, Johannes W. R.; Verschuren, W. M. Monique; Visser, Marjolein; Wijnhoven, Hanneke A. H.",2019,10.1371/journal.pone.0226342,PloS one,,,,,,,,,
,Association of midlife smoking status with change in processing speed and mental flexibility among HIV-seropositive and HIV-seronegative older men: the Multicenter  AIDS Cohort Study.,Akhtar-Khaleel,"Akhtar-Khaleel, Wajiha Z.; Cook, Robert L.; Shoptaw, Steve; Miller, Eric N.; Sacktor, Ned; Surkan, Pamela J.; Becker, Jim; Teplin, Linda A.; Beyth, Rebecca J.; Price, Catherine; Plankey, Michael",2017,10.1007/s13365-016-0496-6,Journal of neurovirology,,,,,,,,,
,"Childhood adversity, midlife generativity, and later life well-being.",Landes,"Landes, Scott D.; Ardelt, Monika; Vaillant, George E.; Waldinger, Robert J.",2014,10.1093/geronb/gbu055,Journals of Gerontology Series B: Psychological Sciences & Social Sciences,,,,,,,,,
,Capturing the Diversity of Successful Aging: An Operational Definition Based on 16-Year Trajectories of Functioning.,Kok,"Kok, Almar A. L.; Aartsen, Marja J.; Deeg, Dorly J. H.; Huisman, Martijn",2017,10.1093/geront/gnv127,The Gerontologist,,,,,,,,,
,Genetic profiles of longevity and healthy cognitive aging in nonagenarians from the Basque Country.,Elcoroaristizabal,"Elcoroaristizabal Martín, Xabier; Gómez Busto, Fernando; Artaza Artabe, Iñaki; Barroso Niso, Julia; Goicoechea Boyer, Javier; García de Vicuña, Víctor Ortiz de Murua; Martínez de Pancorbo, Marian",2011,10.1016/j.regg.2011.04.005,Revista espanola de geriatria y gerontologia,,,,,,,,,
,Accelerated epigenetic age and cognitive decline among urban-dwelling adults.,Beydoun,"Beydoun, May A.; Shaked, Danielle; Tajuddin, Salman M.; Weiss, Jordan; Evans, Michele K.; Zonderman, Alan B.",2020,10.1212/WNL.0000000000008756,Neurology,,,,,,,,,
,"Longitudinal Associations between Monetary Value of the Diet, DASH Diet Score and the Allostatic Load among Middle-Aged Urban Adults.",Beydoun,"Beydoun, May A.; Nkodo, Amelie; Fanelli-Kuczmarski, Marie T.; Maldonado, Ana I.; Beydoun, Hind A.; Popkin, Barry M.; Evans, Michele K.; Zonderman, Alan B.",2019,10.3390/nu11102360,Nutrients,,,,,,,,,
,Prevalence of Mild Cognitive Impairment by Multiple Classifications: The Monongahela-Youghiogheny Healthy Aging Team (MYHAT) Project,Ganguli,"Ganguli, Mary M. D.; Chang, Chung-Chou H.; Snitz, Beth E.; Saxton, Judith A.; Vanderbilt, Joni M. P. H.; Lee, Ching-Wen M. S.",2010,10.1097/JGP.0b013e3181cdee4f,Journal of Geriatric Psychiatry,,,,,,,,,
,Association Between Hospital Readmission and Acute and Sustained Delays in Functional Recovery During 18 Months After Elective Surgery: The Successful Aging  after Elective Surgery Study.,Pisani,"Pisani, Margaret A.; Albuquerque, Asha; Marcantonio, Edward R.; Jones, Richard N.; Gou, Ray Yun; Fong, Tamara G.; Schmitt, Eva M.; Tommet, Douglas; Isaza Aizpurua, Ilean I.; Alsop, David C.; Inouye, Sharon K.; Travison, Thomas G.",2017,10.1111/jgs.14549,Journal of the American Geriatrics Society,,,,,,,,,
,Characterising neural signatures of successful aging: Electrophysiological correlates of preserved episodic memory in older age,Dockree,"Dockree, Paul M.; Brennan, Sabina; O'Sullivan, Michael; Robertson, Ian H.; O'Connell, Redmond G.",2015,10.1016/j.bandc.2015.04.002,Brain & Cognition,,,,,,,,,
,Evaluation of the Relative Validity of the Short Diet Questionnaire for Assessing Usual Consumption Frequencies of Selected Nutrients and Foods.,Shatenstein,"Shatenstein, Bryna; Payette, Hélène",2015,10.3390/nu7085282,Nutrients,,,,,,,,,
,Midlife Long-Hour Working and Later-life Social Engagement Are Associated with Reduced Risks of Mild Cognitive Impairment among Community-Living Singapore Elderly.,Deng,"Deng, Jing-Huan; Huang, Kai-Yong; Hu, Xiao-Xiao; Huang, Xiao-Wei; Tang, Xian-Yan; Wei, Xiao; Feng, Lei; Lu, Guo-Dong",2019,10.3233/JAD-180605,Journal of Alzheimer's disease : JAD,,,,,,,,,
,Trajectories of ageing well among older Australians: a 16-year longitudinal study.,BROWNING,"BROWNING, COLETTE J.; ENTICOTT, JOANNE C.; THOMAS, SHANE A.; KENDIG, HAL",2018,10.1017/S0144686X17000162,Ageing & Society,,,,,,,,,
,"Gender difference and correlation between sexuality, thyroid hormones, cognitive, and physical functions in elderly fit.",Emerenziani,"Emerenziani, G. P.; Izzo, G.; Vaccaro, M. G.; Quattrone, A.; Lenzi, A.; Aversa, A.",2019,10.1007/s40618-018-0974-1,Journal of endocrinological investigation,,,,,,,,,
,Impact of dopamine-related genetic variants on physical activity in old age - a cohort study.,Dohrn,"Dohrn, Ing-Mari; Papenberg, Goran; Winkler, Elisabeth; Welmer, Anna-Karin",2020,10.1186/s12966-020-00971-2,The international journal of behavioral nutrition and physical activity,,,,,,,,,
,Vitamin C Status Correlates with Markers of Metabolic and Cognitive Health in 50-Year-Olds: Findings of the CHALICE Cohort Study.,Pearson,"Pearson, John F.; Pullar, Juliet M.; Wilson, Renee; Spittlehouse, Janet K.; Vissers, Margreet C. M.; Skidmore, Paula M. L.; Willis, Jinny; Cameron, Vicky A.; Carr, Anitra C.",2017,10.3390/nu9080831,Nutrients,,,,,,,,,
,"Metabolite Profiles of Healthy Aging Index Are Associated With Cardiovascular Disease in African Americans: The Health, Aging, and Body Composition Study.",Yeri,"Yeri, Ashish; Murphy, Rachel A.; Marron, Megan M.; Clish, Clary; Harris, Tamara B.; Lewis, Gregory D.; Newman, Anne B.; Murthy, Venkatesh L.; Shah, Ravi V.",2019,10.1093/gerona/glx232,"The journals of gerontology. Series A, Biological sciences and medical sciences",,,,,,,,,
,Impaired verbal episodic memory in healthy older adults is marked by increased F(2)-Isoprostanes.,Downey,"Downey, Luke A.; Simpson, Tamara; Timmer, Jorinde; Nolidin, Karen; Croft, Kevin; Wesnes, Keith A.; Scholey, Andrew; Deleuil, Saurenne; Stough, Con",2018,10.1016/j.plefa.2018.02.001,"Prostaglandins, leukotrienes, and essential fatty acids",,,,,,,,,
,Abstract P019:  Family History of Cardiovascular Disease is Associated With Cognitive Function:  The Emory Healthy Aging Study.  Abstract,Goetz,"Goetz, Margarethe E.; Marcus, Michele; Vaccarino, Viola; Goldstein, Felicia; Levey, Allan; Lah, James",2017,NA,Circulation,,,,,,,,,
,Friendships that money can buy: financial security protects health in retirement by enabling social connectedness.,Cruwys,"Cruwys, Tegan; Haslam, Catherine; Steffens, Niklas K.; Haslam, S. Alexander; Fong, Polly; Lam, Ben C. P.",2019,10.1186/s12877-019-1281-1,BMC geriatrics,,,,,,,,,
,Cognitive function trajectories and their determinants in older people: 8 years of follow-up in the English Longitudinal Study of Ageing.,Zaninotto,"Zaninotto, Paola; Batty, G. David; Allerhand, Michael; Deary, Ian J.",2018,10.1136/jech-2017-210116,Journal of epidemiology and community health,,,,,,,,,
,"Serum 25-Hydroxyvitamin D Levels as an Aging Marker: Strong Associations With Age and All-Cause Mortality Independent From Telomere Length, Epigenetic Age  Acceleration, and 8-Isoprostane Levels.",SchÃ¶ttker,"Schöttker, Ben; Hagen, Leonie; Zhang, Yan; Gào, Xin; Holleczek, Bernd; Gao, Xu; Brenner, Hermann",2019,10.1093/gerona/gly253,"The journals of gerontology. Series A, Biological sciences and medical sciences",,,,,,,,,
,"Levels of and changes in life satisfaction predict mortality hazards: Disentangling the role of physical health, perceived control, and social orientation.",HÃ¼lÃ¼r,"Hülür, Gizem; Heckhausen, Jutta; Hoppmann, Christiane A.; Infurna, Frank J.; Wagner, Gert G.; Ram, Nilam; Gerstorf, Denis",2017,10.1037/pag0000187,Psychology & Aging,,,,,,,,,
,Older Women in Australia: Facing the Challenges of Dual Sensory Loss.,Heine,"Heine, Chyrisse; Gong, Cathy Honge; Feldman, Susan; Browning, Colette",2019,10.3390/ijerph17010263,International journal of environmental research and public health,,,,,,,,,
,Characteristics of Healthy Older Adults that Influence Self-rated Cognitive Function.,Mulligan,"Mulligan, Bryce P.; Smart, Colette M.; Segalowitz, Sidney J.; MacDonald, Stuart W. S.",2018,10.1017/S1355617717000613,Journal of the International Neuropsychological Society : JINS,,,,,,,,,
,"Cigarette Smokers, Never-Smokers, and Transitions: Implications for Successful Aging.",Pruchno,"Pruchno, Rachel; Hahn, Sarah; Wilson-Genderson, Maureen",2012,10.2190/AG.74.3.b,International Journal of Aging & Human Development,,,,,,,,,
,"A National Longitudinal Study of Partnered Sex, Relationship Quality, and Mental Health Among Older Adults.",Zhang,"Zhang, Yan; Liu, Hui",2020,10.1093/geronb/gbz074,"The journals of gerontology. Series B, Psychological sciences and social sciences",,,,,,,,,
,Perceived Discrimination and Longitudinal Change in Kidney Function Among Urban Adults.,Beydoun,"Beydoun, May A.; Poggi-Burke, Angedith; Zonderman, Alan B.; Rostant, Ola S.; Evans, Michele K.; Crews, Deidra C.",2017,10.1097/PSY.0000000000000478,Psychosomatic medicine,,,,,,,,,
,Adherence to a Mediterranean diet is associated with lower prevalence of osteoarthritis: Data from the osteoarthritis initiative.,Veronese,"Veronese, Nicola; Stubbs, Brendon; Noale, Marianna; Solmi, Marco; Luchini, Claudio; Smith, Toby O.; Cooper, Cyrus; Guglielmi, Giuseppe; Reginster, Jean-Yves; Rizzoli, Renè; Maggi, Stefania",2017,10.1016/j.clnu.2016.09.035,"Clinical nutrition (Edinburgh, Scotland)",,,,,,,,,
,Atrophy of the parietal lobe in preclinical dementia.,Jacobs,"Jacobs, Heidi I. L.; Van Boxtel, Martin P. J.; Uylings, Harry B. M.; Gronenschild, Ed H. B. M.; Verhey, Frans R.; Jolles, Jelle",2011,10.1016/j.bandc.2010.11.003,Brain & Cognition,,,,,,,,,
,The trajectory of negative mood and depressive symptoms over two decades.,Campbell,"Campbell, Katherine E.; Dennerstein, Lorraine; Tacey, Mark; Szoeke, Cassandra E.",2017,10.1016/j.maturitas.2016.10.011,Maturitas,,,,,,,,,
,Social participation and the combination of future needs for long-term care and mortality among older Japanese people: a prospective cohort study from the Aichi  Gerontological Evaluation Study (AGES).,Takahashi,"Takahashi, Sei; Ojima, Toshiyuki; Kondo, Katsunori; Shimizu, Sayaka; Fukuhara, Shunichi; Yamamoto, Yosuke",2019,10.1136/bmjopen-2019-030500,BMJ open,,,,,,,,,
,Sodium intake of special populations in the Healthy Aging in Neighborhoods of Diversity Across the Life Span (HANDLS) study.,Cotugna,"Cotugna, Nancy; Fanelli-Kuczmarski, Marie; Clymer, Julie; Hotchkiss, Lawrence; Zonderman, Alan B.; Evans, Michele K.",2013,10.1016/j.ypmed.2013.06.006,Preventive medicine,,,,,,,,,
,Twelve-Month Retention in and Impact of Enhance®Fitness on Older Adults in Hawai'i.,Tomioka,"Tomioka, Michiyo; Braun, Kathryn L.; Wu, Yan Yan; Holt, Kay; Keele, Paula; Tsuhako, Lori; Yago, Johnny",2019,10.1155/2019/9836181,Journal of Aging Research,,,,,,,,,
,Longitudinal Change in Performance on the Montreal Cognitive Assessment in Older Adults.,Cooley,"Cooley, Sarah A.; Heaps, Jodi M.; Bolzenius, Jacob D.; Salminen, Lauren E.; Baker, Laurie M.; Scott, Staci E.; Paul, Robert H.",2015,10.1080/13854046.2015.1087596,The Clinical neuropsychologist,,,,,,,,,
,Impact of Social Isolation on Physical Functioning Among Older Adults: A 9-Year Longitudinal Study of a U.S.-Representative Sample.,Del,"Del Pozo Cruz, Borja; Perales, Francisco; Alfonso-Rosa, Rosa M.; Del Pozo-Cruz, Jesus",2021,10.1016/j.amepre.2021.02.003,American journal of preventive medicine,,,,,,,,,
,Prediction of Long-term Cognitive Decline Following Postoperative Delirium in Older Adults.,Devore,"Devore, Elizabeth E.; Fong, Tamara G.; Marcantonio, Edward R.; Schmitt, Eva M.; Travison, Thomas G.; Jones, Richard N.; Inouye, Sharon K.",2017,10.1093/gerona/glx030,"The journals of gerontology. Series A, Biological sciences and medical sciences",,,,,,,,,
,Influence of visual impairment on mortality in the elderly aged 65 years and older in 8 longevity areas in China.,Cai,"Cai, M. C.; Zhao, F.; Shen, D.; Lyu, Y. B.; Zhang, X. R.; Zhou, J. H.; Qu, Y. L.; Liu, L.; Liu, Y. C.; Wang, J. N.; Cao, Z. J.; Wu, X. B.; Shi, X. M.; Mao, C.",2020,10.3760/cma.j.issn.0254-6450.2020.01.007,Zhonghua liu xing bing xue za zhi = Zhonghua liuxingbingxue zazhi,,,,,,,,,
,Healthy aging attenuates task-related specialization in the human medial temporal lobe.,RamsÃ¸y,"Ramsøy, Thomas Z.; Liptrot, Matthew G.; Skimminge, Arnold; Lund, Torben E.; Sidaros, Karam; Christensen, Mark Schram; Baaré, William; Paulson, Olaf B.; Jernigan, Terry L.; Siebner, Hartwig R.",2012,10.1016/j.neurobiolaging.2011.09.032,Neurobiology of aging,,,,,,,,,
,Racial/Ethnic Differences in Sleep Quality among Older Adults: Kaiser Healthy Aging and Diverse Life Experiences (KHANDLE) Study.,George,"George, Kristen M.; Peterson, Rachel L.; Gilsanz, Paola; Mungas, Dan M.; Glymour, M. Maria; Mayeda, Elizabeth Rose; Whitmer, Rachel A.",2020,10.18865/ed.30.3.469,Ethnicity & disease,,,,,,,,,
,Protein Intake and Disability Trajectories in Very Old Adults: The Newcastle 85+ Study.,MendonÃ§a,"Mendonça, Nuno; Granic, Antoneta; Hill, Tom R.; Siervo, Mario; Mathers, John C.; Kingston, Andrew; Jagger, Carol",2019,10.1111/jgs.15592,Journal of the American Geriatrics Society,,,,,,,,,
